{
  "71596961": {
    "name": "C/C++开发工程师",
    "salary": "5千-1万",
    "welfare": [
      "1年",
      "本科",
      "C++",
      "三维",
      "仿真",
      "windows",
      "机械专业",
      "五险一金",
      "餐饮补贴",
      "通讯补贴",
      "免费班车",
      "员工旅游",
      "交通补贴",
      "年终奖金",
      "专业培训"
    ],
    "region": "上海·浦东新区",
    "companyloge": "https://img01.51jobcdn.com/fansImg/CompLogo/4/3632/3631356/3631356_120.gif?635717796957169807",
    "companyname": "上海江衡软件科技有限公司"
  },
  "85699861": {
    "name": "C/C++软件工程师",
    "salary": "25-50万/年",
    "welfare": [
      "3-4年",
      "本科",
      "C/C++/MatLab",
      "开发",
      "Mac",
      "OS开发",
      "Linux开发",
      "iOS开发",
      "Android",
      "嵌入式系统",
      "五险一金",
      "员工旅游",
      "餐饮补贴",
      "通讯补贴",
      "绩效奖金",
      "年终奖金",
      "股票期权",
      "专业培训"
    ],
    "region": "上海·闵行区",
    "companyloge": "https://img01.51jobcdn.com/fansImg/CompLogo/3/2512/2511848/2511848_120.gif?636395102290112056",
    "companyname": "上海精研电子科技有限公司"
  },
  "95975165": {
    "name": "C++开发工程师--上海",
    "salary": "1.2-2.4万",
    "welfare": [
      "2年",
      "本科",
      "备份",
      "块复制",
      "虚拟化",
      "云平台",
      "信息安全",
      "带库",
      "存储",
      "容灾",
      "灾备",
      "五险一金",
      "餐饮补贴",
      "通讯补贴",
      "绩效奖金",
      "年终奖金",
      "股票期权",
      "弹性工作"
    ],
    "region": "上海·闵行区",
    "companyloge": "https://img01.51jobcdn.com/fansImg/CompLogo/5/4737/4736798/4736798_300.jpg?637485495891421718",
    "companyname": "上海英方软件股份有限公司"
  },
  "106440819": {
    "name": "C/C++开发工程师",
    "salary": "1.5-2.5万",
    "welfare": [
      "3-4年",
      "大专",
      "c++",
      "linux",
      "多线程",
      "tcp",
      "cmake",
      "python",
      "音视频流媒体",
      "服务器端",
      "开发",
      "网络配置",
      "五险一金",
      "员工旅游",
      "专业培训",
      "通讯补贴",
      "绩效奖金",
      "年终奖金",
      "定期体检"
    ],
    "region": "上海·静安区",
    "companyloge": "https://img01.51jobcdn.com/fansImg/CompLogo/3/2813/2812482/2812482_120.gif?636122948420173181",
    "companyname": "上海阅维科技股份有限公司"
  },
  "107044110": {
    "name": "高级Linux C/C++开发工程师",
    "salary": "1.6-3万",
    "welfare": [
      "3-4年",
      "本科",
      "五险一金",
      "员工旅游",
      "专业培训",
      "绩效奖金",
      "年终奖金",
      "弹性工作",
      "定期体检",
      "通讯补贴"
    ],
    "region": "上海·静安区",
    "companyloge": "https://img01.51jobcdn.com/fansImg/CompLogo/3/2813/2812482/2812482_120.gif?636122948420173181",
    "companyname": "上海阅维科技股份有限公司"
  },
  "111506591": {
    "name": "C C++软件开发",
    "salary": "1.5-2.5万·14薪",
    "welfare": [
      "1年",
      "本科",
      "C++",
      "C",
      "几何建模",
      "三轴",
      "Visual",
      "Studio",
      "五险一金",
      "绩效奖金",
      "专业培训",
      "员工旅游",
      "周末双休",
      "带薪年假",
      "年终双薪",
      "高温补贴",
      "节日福利"
    ],
    "region": "上海·闵行区",
    "companyloge": "https://img01.51jobcdn.com/fansImg/CompLogo/3/2446/2445888/2445888_120.gif?635786830207769121",
    "companyname": "上海铼钠克数控科技有限公司"
  },
  "113034711": {
    "name": "Linux嵌入式开发工程师（C/C++）",
    "salary": "1.2-2万",
    "welfare": [
      "2年",
      "本科",
      "五险一金",
      "补充医疗保险",
      "员工旅游",
      "出国机会",
      "定期体检",
      "年终奖金",
      "餐饮补贴"
    ],
    "region": "上海",
    "companyloge": "https://img01.51jobcdn.com/fansImg/CompLogo/2/1089/1088698/1088698_300.png?636922426892518973",
    "companyname": "通维数码科技（上海）有限公司"
  },
  "120539420": {
    "name": "软件开发工程师（C++）-ER",
    "salary": "1.5-3万",
    "welfare": [
      "2年",
      "硕士",
      "c++",
      "数据库",
      "C#",
      ".NET",
      "用户界面",
      "UI",
      "五险一金",
      "年终奖金",
      "弹性工作",
      "人才引进",
      "做五休二",
      "补充商业保险",
      "股票期权",
      "团建旅游",
      "带薪年假",
      "带薪病假"
    ],
    "region": "上海·浦东新区",
    "companyloge": "https://img04.51jobcdn.com/im/mkt/app/51job_phone/app/homelogo/new/home_logo_default_elect.png",
    "companyname": "睿励科学仪器（上海）有限公司"
  },
  "124226326": {
    "name": "C/C++软件工程师",
    "salary": "1.5-2.5万·13薪",
    "welfare": [
      "2年",
      "本科",
      "C++",
      "软件工程师",
      "软件开发",
      "软件",
      "c",
      "嵌入式",
      "linux",
      "五险一金",
      "餐饮补贴",
      "弹性工作",
      "员工旅游",
      "年终奖金",
      "定期体检",
      "免费班车",
      "绩效奖金",
      "带薪年假"
    ],
    "region": "上海",
    "companyloge": "https://img01.51jobcdn.com/fansImg/CompLogo/3/2613/2612132/2612132_120.gif?636225944034085429",
    "companyname": "上海融跃电子科技有限公司"
  },
  "124669514": {
    "name": "C/C++开发工程师",
    "salary": "1.5-2万",
    "welfare": [
      "3-4年",
      "本科",
      "软件工程师",
      "电子软件开发",
      "计算机",
      "系统集成",
      "员工旅游",
      "绩效奖金",
      "做五休二",
      "节日福利"
    ],
    "region": "上海·闵行区",
    "companyloge": "https://img04.51jobcdn.com/im/mkt/app/51job_phone/app/homelogo/new/home_logo_default_instrumentation.png",
    "companyname": "凯多智能科技（上海）有限公司"
  },
  "129101722": {
    "name": "Linux C/C++软件开发工程师",
    "salary": "1.5-3万·13薪",
    "welfare": [
      "3-4年",
      "本科",
      "五险一金",
      "餐饮补贴",
      "通讯补贴",
      "年终奖金",
      "绩效奖金"
    ],
    "region": "上海·徐汇区",
    "companyloge": "https://img04.51jobcdn.com/im/mkt/app/51job_phone/app/homelogo/new/home_logo_default_software.png",
    "companyname": "易士软件（上海）有限公司"
  },
  "130211912": {
    "name": "C++开发工程师",
    "salary": "1-1.5万",
    "welfare": [
      "2年",
      "本科",
      "C++",
      "五险一金",
      "员工旅游",
      "定期体检",
      "餐饮补贴",
      "交通补贴",
      "通讯补贴"
    ],
    "region": "上海",
    "companyloge": "https://img04.51jobcdn.com/im/mkt/app/51job_phone/app/homelogo/new/home_logo_default_software.png",
    "companyname": "上海博为峰信息技术有限公司"
  },
  "133671556": {
    "name": "C/C++ 开发工程师",
    "salary": "1.5-2.5万",
    "welfare": [
      "3-4年",
      "本科",
      "C++",
      "五险一金",
      "餐饮补贴",
      "通讯补贴",
      "专业培训",
      "绩效奖金",
      "年终奖金",
      "定期体检"
    ],
    "region": "上海",
    "companyloge": "https://img04.51jobcdn.com/im/mkt/app/51job_phone/app/homelogo/new/home_logo_default_mech.png",
    "companyname": "上海嘉成轨道交通安全保障系统股份公司"
  },
  "133952906": {
    "name": "C/C++开发工程师-北京",
    "salary": "1-1.5万",
    "welfare": [
      "2年",
      "本科",
      "五险一金",
      "餐饮补贴",
      "定期体检",
      "年终奖金"
    ],
    "region": "北京",
    "companyloge": "https://img04.51jobcdn.com/im/mkt/app/51job_phone/app/homelogo/new/home_logo_default_software.png",
    "companyname": "中电福富信息科技有限公司"
  },
  "134414998": {
    "name": "C/C++软件开发工程师",
    "salary": "8千-1.5万",
    "welfare": [
      "1年",
      "本科",
      "C++",
      "五险一金",
      "绩效奖金",
      "年终奖金",
      "弹性工作",
      "餐饮补贴",
      "通讯补贴",
      "专业培训"
    ],
    "region": "上海",
    "companyloge": "https://img01.51jobcdn.com/fansImg/CompLogo/2/1329/1328902/1328902_120.gif?636253613899606364",
    "companyname": "永凯软件技术（上海）有限公司"
  },
  "134570760": {
    "name": "C/C++软件开发工程师",
    "salary": "25-35万/年",
    "welfare": [
      "2年",
      "本科",
      "五险一金",
      "员工旅游",
      "餐饮补贴",
      "通讯补贴",
      "绩效奖金",
      "定期体检"
    ],
    "region": "上海·徐汇区",
    "companyloge": "https://img04.51jobcdn.com/im/mkt/app/51job_phone/app/homelogo/new/home_logo_default_auto.png",
    "companyname": "上海仁童电子科技有限公司"
  },
  "138007489": {
    "name": "实施顾问（C/C++项目经验）",
    "salary": "30-40万/年",
    "welfare": [
      "5-7年",
      "本科",
      "软件实施",
      "实施",
      "C",
      "C++",
      "售前",
      "实施顾问",
      "五险一金",
      "员工旅游",
      "交通补贴",
      "餐饮补贴",
      "专业培训",
      "绩效奖金",
      "年终奖金",
      "弹性工作",
      "定期体检"
    ],
    "region": "上海",
    "companyloge": "https://img01.51jobcdn.com/fansImg/CompLogo/3/2397/2396558/2396558_300.png?637522633891504042",
    "companyname": "上海龙智数码科技股份有限公司"
  },
  "138932469": {
    "name": "C++高级开发工程师",
    "salary": "1.5-3万",
    "welfare": [
      "5-7年",
      "本科",
      "C++",
      "软件工程师",
      "软件开发",
      "五险一金",
      "交通补贴",
      "绩效奖金",
      "年终奖金"
    ],
    "region": "北京·海淀区",
    "companyloge": "https://img04.51jobcdn.com/im/mkt/app/51job_phone/app/homelogo/new/home_logo_default_elect.png",
    "companyname": "北京贝成科技有限公司"
  },
  "139170835": {
    "name": "资深软件工程师（C++）-ER",
    "salary": "2-3万",
    "welfare": [
      "2年",
      "硕士",
      "C++",
      "多线程",
      "用户界面",
      "c#",
      "数据库",
      "五险一金",
      "弹性工作",
      "年终奖金",
      "做五休二",
      "带薪年假",
      "人才引进",
      "补充医疗保险",
      "定期体检",
      "股票期权",
      "带薪病假"
    ],
    "region": "上海·浦东新区",
    "companyloge": "https://img04.51jobcdn.com/im/mkt/app/51job_phone/app/homelogo/new/home_logo_default_elect.png",
    "companyname": "睿励科学仪器（上海）有限公司"
  },
  "139384757": {
    "name": "C++高级开发工程师",
    "salary": "1.5-2万",
    "welfare": [
      "3-4年",
      "大专",
      "五险一金",
      "交通补贴",
      "员工旅游",
      "餐饮补贴",
      "通讯补贴",
      "专业培训",
      "绩效奖金",
      "年终奖金",
      "弹性工作"
    ],
    "region": "上海·浦东新区",
    "companyloge": "https://img01.51jobcdn.com/fansImg/CompLogo/7/6879/6878633/6878633_300.png?637785646066732592",
    "companyname": "腾柏新迅（上海）智能科技有限公司"
  },
  "141697991": {
    "name": "C/C++开发工程师",
    "salary": "1-2万",
    "welfare": [
      "3-4年",
      "本科",
      "c++",
      "出差补贴",
      "五险一金",
      "包午餐",
      "节日福利",
      "定期体检",
      "做五休二"
    ],
    "region": "北京·海淀区",
    "companyloge": "https://img04.51jobcdn.com/im/mkt/app/51job_phone/app/homelogo/home_logo_default.png",
    "companyname": "中国铁道科学研究院集团有限公司铁道建筑研究所下属企业"
  },
  "144867733": {
    "name": "c++开发工程师",
    "salary": "1.5-3万·13薪",
    "welfare": [
      "3-4年",
      "本科",
      "c++",
      "软件开发",
      "windows",
      "计算机视觉",
      "计算机软件",
      "周末双休",
      "带薪年假",
      "五险一金",
      "全勤奖",
      "定期体检",
      "员工旅游",
      "年终奖金"
    ],
    "region": "上海·静安区",
    "companyloge": "https://img01.51jobcdn.com/fansImg/CompLogo/5/4435/4434153/4434153_300.jpg?637381996998872383",
    "companyname": "上海青瞳视觉科技有限公司"
  },
  "144906537": {
    "name": "高级C++工程师",
    "salary": "3-4万",
    "welfare": [
      "3-4年",
      "本科",
      "c++",
      "应用软件开发",
      "编码实现",
      "功能模块",
      "windows",
      "linux",
      "qt",
      "节日福利",
      "餐饮补贴",
      "出差补贴",
      "专业培训",
      "交通补贴",
      "五险"
    ],
    "region": "上海·闵行区",
    "companyloge": "https://img01.51jobcdn.com/fansImg/CompLogo/4/3210/3209691/3209691_300.jpg?637832010026049904",
    "companyname": "江苏领焰智能科技股份有限公司"
  },
  "144974096": {
    "name": "C/C++开发工程师",
    "salary": "1.8-2万",
    "welfare": [
      "5-7年",
      "本科",
      "linux",
      "oracle",
      "mysql",
      "c语言开发",
      "支付系统",
      "银行",
      "五险一金",
      "年假",
      "交通补贴",
      "餐饮补贴"
    ],
    "region": "上海·浦东新区",
    "companyloge": "https://img04.51jobcdn.com/im/mkt/app/51job_phone/app/homelogo/new/home_logo_default_software.png",
    "companyname": "上海畅博越众科技有限公司"
  },
  "146396524": {
    "name": "C/C++软件工程师",
    "salary": "30-50万/年",
    "welfare": [
      "3-4年",
      "本科",
      "c++",
      "软件开发",
      "编程",
      "功能设计",
      "算法",
      "编程语言",
      "软件需求分析",
      "传感器",
      "年终奖金",
      "绩效奖金",
      "股票期权"
    ],
    "region": "上海·闵行区",
    "companyloge": "https://img01.51jobcdn.com/fansImg/CompLogo/8/7338/7337796/58332206849401767479_300.png?1660576829754",
    "companyname": "上海迅音科技有限公司"
  },
  "146499180": {
    "name": "C/C++开发工程师",
    "salary": "1.3-2.5万",
    "welfare": [
      "3-4年",
      "本科",
      "docker",
      "k8s",
      "多线程",
      "软件开发",
      "linux",
      "五险一金",
      "年终奖金",
      "交通补贴",
      "餐饮补贴",
      "弹性工作",
      "定期体检",
      "通讯补贴",
      "专业培训"
    ],
    "region": "北京·朝阳区",
    "companyloge": "https://img01.51jobcdn.com/fansImg/CompLogo/1/299/299000/299000_300.jpg?636874664947195199",
    "companyname": "新华三技术有限公司"
  },
  "146567320": {
    "name": "C++研发工程师",
    "salary": "1-1.5万",
    "welfare": [
      "2年",
      "本科",
      "五险一金",
      "员工旅游",
      "专业培训",
      "绩效奖金",
      "年终奖金",
      "定期体检"
    ],
    "region": "上海",
    "companyloge": "https://img01.51jobcdn.com/fansImg/CompLogo/3/2013/2012670/2012670_300.jpg?636894767543161756",
    "companyname": "上海寰创通信科技股份有限公司"
  },
  "147204987": {
    "name": "C/C++开发工程师",
    "salary": "1.7-2.8万",
    "welfare": [
      "2年",
      "本科",
      "C++",
      "软件工程师",
      "软件开发",
      "五险一金",
      "专业培训",
      "团建活动",
      "年终奖金",
      "员工旅游",
      "带薪年假",
      "节日福利"
    ],
    "region": "上海·徐汇区",
    "companyloge": "https://img01.51jobcdn.com/fansImg/CompLogo/7/6678/6677021/362360816562461739959_300.png?1690683416986",
    "companyname": "上海统才企业管理咨询服务有限公司"
  },
  "147232478": {
    "name": "C/C++/Python开发工程师",
    "salary": "1.5-2.5万·15薪",
    "welfare": [
      "3-4年",
      "本科",
      "c++",
      "数学",
      "编程语言",
      "python",
      "五险一金",
      "交通补贴",
      "餐饮补贴",
      "绩效奖金",
      "年终奖金",
      "定期体检",
      "通讯补贴",
      "专业培训"
    ],
    "region": "北京",
    "companyloge": "https://img04.51jobcdn.com/im/mkt/app/51job_phone/app/homelogo/home_logo_default.png",
    "companyname": "广州航新航空科技股份有限公司"
  },
  "147288688": {
    "name": "c/c++开发工程师",
    "salary": "26-45万/年",
    "welfare": [
      "2年",
      "本科",
      "软件开发",
      "面向对象编程",
      "c++",
      "电子工程",
      "linux",
      "五险一金",
      "股票期权",
      "年终奖金"
    ],
    "region": "杭州·余杭区",
    "companyloge": "https://img01.51jobcdn.com/fansImg/CompLogo/8/7635/7634665/234257984207998423911_300.png?1679059526410",
    "companyname": "杭州四维映射软件有限公司"
  },
  "147364532": {
    "name": "c++软件工程师",
    "salary": "1.2-1.5万",
    "welfare": [
      "3-4年",
      "本科",
      "五险一金",
      "员工旅游",
      "餐饮补贴",
      "定期体检"
    ],
    "region": "上海",
    "companyloge": "https://img01.51jobcdn.com/fansImg/CompLogo/1/294/293814/293814_120.gif?635919969609824156",
    "companyname": "上海南康科技有限公司"
  },
  "147824233": {
    "name": "c/c++开发工程师",
    "salary": "2-2.5万·15薪",
    "welfare": [
      "2年",
      "本科",
      "c++",
      "计算机",
      "开发",
      "五险一金",
      "员工旅游",
      "绩效奖金",
      "年终奖金",
      "弹性工作",
      "零食无限供应",
      "生日会",
      "补充医疗保险",
      "定期体检"
    ],
    "region": "上海·闵行区",
    "companyloge": "https://img01.51jobcdn.com/fansImg/CompLogo/7/6047/6046789/6046789_300.png?637464022178097219",
    "companyname": "上海瓶钵信息科技有限公司"
  },
  "148511965": {
    "name": "C/C++开发工程师",
    "salary": "2-4万",
    "welfare": [
      "5-7年",
      "本科",
      "五险一金",
      "餐饮补贴",
      "年终奖金",
      "定期体检",
      "绩效奖金",
      "专业培训",
      "年终奖"
    ],
    "region": "上海·浦东新区",
    "companyloge": "https://img04.51jobcdn.com/im/mkt/app/51job_phone/app/homelogo/new/home_logo_default_environment.png",
    "companyname": "中国天楹股份有限公司"
  },
  "148821845": {
    "name": "对日嵌入式(C/C++)",
    "salary": "1-2万",
    "welfare": [
      "无需经验",
      "C/C++",
      "C语言",
      "嵌入式",
      "日语",
      "五险一金",
      "出国机会"
    ],
    "region": "上海·徐汇区",
    "companyloge": "https://img04.51jobcdn.com/im/mkt/app/51job_phone/app/homelogo/new/home_logo_default_software.png",
    "companyname": "杭州优灿科技有限公司"
  },
  "148896070": {
    "name": "C++开发工程师",
    "salary": "1.5-2.5万",
    "welfare": [
      "3-4年",
      "本科",
      "计算机",
      "c++",
      "软件开发",
      "五险一金",
      "绩效奖金",
      "员工旅游",
      "交通补贴",
      "餐饮补贴",
      "年终奖金",
      "定期体检"
    ],
    "region": "上海·普陀区",
    "companyloge": "https://img01.51jobcdn.com/fansImg/CompLogo/3/2383/2382992/2382992_120.gif?635700460238963728",
    "companyname": "上海凯延计算机科技发展有限公司"
  },
  "149285734": {
    "name": "C++开发工程师",
    "salary": "1.3-2.6万",
    "welfare": [
      "3-4年",
      "本科",
      "c++",
      "系统开发",
      "linux",
      "嵌入式",
      "C语言",
      "后端开发",
      "Winform",
      "WFC"
    ],
    "region": "北京",
    "companyloge": "https://img04.51jobcdn.com/im/mkt/app/51job_phone/app/homelogo/new/home_logo_default_software.png",
    "companyname": "北京鼎腾科技有限公司"
  },
  "149553687": {
    "name": "c/c++开发工程师",
    "salary": "7千-1.3万",
    "welfare": [
      "无需经验",
      "大专",
      "c++",
      "c",
      "五险一金",
      "补充商业保险",
      "通讯补贴",
      "证券休市假",
      "生日福利",
      "节日礼物",
      "过节礼金",
      "定期体检",
      "免费食堂",
      "绩效奖金"
    ],
    "region": "北京·西城区",
    "companyloge": "https://img04.51jobcdn.com/im/mkt/app/51job_phone/app/homelogo/new/home_logo_default_software.png",
    "companyname": "北京迈捷映博科技有限公司"
  },
  "149933206": {
    "name": "对日嵌入式(C/C++)",
    "salary": "1.1-2万",
    "welfare": [
      "无需经验",
      "c++",
      "C语言",
      "嵌入式",
      "日语",
      "五险一金",
      "交通补贴",
      "弹性工作",
      "节日福利"
    ],
    "region": "上海·杨浦区",
    "companyloge": "https://img04.51jobcdn.com/im/mkt/app/51job_phone/app/homelogo/new/home_logo_default_software.png",
    "companyname": "杭州优灿科技有限公司"
  },
  "150270907": {
    "name": "C/C++高级软件开发工程师",
    "salary": "2-3万",
    "welfare": [
      "3-4年",
      "本科",
      "软件开发",
      "软件工程师",
      "Java",
      "c++",
      "C",
      "编程",
      "五险一金",
      "定期体检"
    ],
    "region": "上海·浦东新区",
    "companyloge": "https://img04.51jobcdn.com/im/mkt/app/51job_phone/app/homelogo/new/home_logo_default_software.png",
    "companyname": "丰盛信息科技（上海）有限公司"
  },
  "150585682": {
    "name": "c/c++开发工程师",
    "salary": "2.2-2.7万·13薪",
    "welfare": [
      "3-4年",
      "本科",
      "c++",
      "cef",
      "chromium",
      "逆向",
      "开源",
      "opengl",
      "IDA",
      "D3D",
      "渲染",
      "五险一金",
      "补充医疗保险",
      "补充公积金",
      "绩效奖金",
      "定期体检",
      "免费停车",
      "地铁接驳车",
      "人才引进落户"
    ],
    "region": "上海·浦东新区",
    "companyloge": "https://img04.51jobcdn.com/im/mkt/app/51job_phone/app/homelogo/new/home_logo_default_software.png",
    "companyname": "中科方德软件有限公司"
  },
  "151388268": {
    "name": "c/c++开发工程师",
    "salary": "2.4-2.7万",
    "welfare": [
      "5-7年",
      "本科",
      "计算机",
      "linux",
      "c++",
      "编程",
      "shell",
      "tcp",
      "系统开发",
      "socket",
      "证券交易",
      "ip",
      "六险一金"
    ],
    "region": "上海·黄浦区",
    "companyloge": "https://img01.51jobcdn.com/fansImg/CompLogo/7/6455/6454299/6454299_300.png?637528262463947469",
    "companyname": "加绩（上海）科技服务有限公司"
  },
  "151461233": {
    "name": "Linux C/C++中级软件工程师（松江）",
    "salary": "1.8-2.4万",
    "welfare": [
      "3-4年",
      "本科",
      "c++",
      "软件开发",
      "linux",
      "信息安全",
      "TCP/IP",
      "线程",
      "ipc",
      "五险一金",
      "专业培训",
      "定期体检"
    ],
    "region": "上海·松江区",
    "companyloge": "https://img04.51jobcdn.com/im/mkt/app/51job_phone/app/homelogo/new/home_logo_default_software.png",
    "companyname": "格尔软件股份有限公司"
  },
  "151461685": {
    "name": "Linux C/C++高级软件工程师（松江）",
    "salary": "2.4-3万",
    "welfare": [
      "5-7年",
      "本科",
      "linux",
      "c++",
      "php",
      "java",
      "Python",
      "五险一金",
      "专业培训",
      "定期体检",
      "员工旅游"
    ],
    "region": "上海·松江区",
    "companyloge": "https://img04.51jobcdn.com/im/mkt/app/51job_phone/app/homelogo/new/home_logo_default_software.png",
    "companyname": "格尔软件股份有限公司"
  },
  "151585202": {
    "name": "C++/QT工程师",
    "salary": "1-1.5万·13薪",
    "welfare": [
      "2年",
      "本科",
      "计算机",
      "c++",
      "编程语言",
      "面向对象",
      "编程思想",
      "计算机理论",
      "qt开发",
      "研发文档",
      "五险一金",
      "年终奖金",
      "专业培训",
      "通讯补贴",
      "绩效奖金",
      "定期体检"
    ],
    "region": "上海·浦东新区",
    "companyloge": "https://img01.51jobcdn.com/fansImg/CompLogo/5/4654/4653146/4653146_120.gif?636411081032529190",
    "companyname": "上海环势机械科技有限公司"
  },
  "151749209": {
    "name": "C++/QT软件部主管",
    "salary": "1.8-3.5万",
    "welfare": [
      "5-7年",
      "本科",
      "计算机",
      "linux",
      "c++",
      "软件开发",
      "仪器设备"
    ],
    "region": "上海·浦东新区",
    "companyloge": "https://img01.51jobcdn.com/fansImg/CompLogo/3/2498/2497415/44860350647160950717_300.png?1699603950935",
    "companyname": "上海金标生物科技有限公司"
  },
  "151794555": {
    "name": "C++开发工程师",
    "salary": "1.3-2万",
    "welfare": [
      "2年",
      "本科",
      "计算机",
      "测试",
      "c++",
      "git",
      "jenkins",
      "jira",
      "gdb调试",
      "开发文档整理",
      "五险一金",
      "交通补贴",
      "餐饮补贴",
      "通讯补贴",
      "年终奖金"
    ],
    "region": "上海·浦东新区",
    "companyloge": "https://img04.51jobcdn.com/im/mkt/app/51job_phone/app/homelogo/new/home_logo_default_software.png",
    "companyname": "上海博为峰信息技术有限公司"
  },
  "151996578": {
    "name": "C++软件工程师",
    "salary": "1-1.4万",
    "welfare": [
      "5-7年",
      "大专",
      "计算机",
      "mysql",
      "开发",
      "c++",
      "编程",
      "windows",
      "数据结构",
      "自动化设备",
      "编程语言",
      "运营维护",
      "带薪年假",
      "绩效奖金",
      "节日福利",
      "交通补贴",
      "餐饮补贴",
      "通讯补贴",
      "年终奖金",
      "社会保险",
      "每年体检"
    ],
    "region": "昆明·西山区",
    "companyloge": "https://img04.51jobcdn.com/im/mkt/app/51job_phone/app/homelogo/new/home_logo_default_build.png",
    "companyname": "云南新航线科技有限公司"
  },
  "152279608": {
    "name": "C/C++ 开发工程师",
    "salary": "1.7-1.8万",
    "welfare": [
      "3-4年",
      "大专",
      "c++",
      "linux",
      "激光雷达",
      "超声波雷达",
      "五险一金",
      "员工旅游",
      "免费班车",
      "餐饮补贴",
      "绩效奖金",
      "年终奖金"
    ],
    "region": "北京",
    "companyloge": "https://img01.51jobcdn.com/fansImg/CompLogo/1/211/210498/210498_300.jpg?637546995062774349",
    "companyname": "上海微创软件股份有限公司"
  },
  "152378124": {
    "name": "软件开发工程师（C/C++）",
    "salary": "1-1.5万·13薪",
    "welfare": [
      "2年",
      "本科",
      "计算机",
      "linux",
      "svn",
      "c++",
      "git",
      "设计模式",
      "算法",
      "风控",
      "交易",
      "期货交易",
      "五险一金",
      "员工旅游",
      "交通补贴",
      "餐饮补贴",
      "专业培训",
      "绩效奖金"
    ],
    "region": "上海·浦东新区",
    "companyloge": "https://img01.51jobcdn.com/fansImg/CompLogo/3/2502/2501599/2501599_300.jpg?637807079231015036",
    "companyname": "上海凯道电子科技有限公司"
  },
  "152390821": {
    "name": "C++开发工程师（需长期出差）",
    "salary": "1.5-3万·13薪",
    "welfare": [
      "3-4年",
      "本科",
      "c++",
      "QT",
      "五险一金",
      "餐饮补贴",
      "年终奖金"
    ],
    "region": "上海",
    "companyloge": "https://img01.51jobcdn.com/fansImg/CompLogo/4/3847/3846285/1653447694651_300.jpeg?1653447697587",
    "companyname": "上海索辰信息科技股份有限公司"
  }
}