{
  "79918135": {
    "name": "WEB前端工程师",
    "salary": "1-1.5万",
    "welfare": [
      "2年",
      "大专",
      "前端",
      "html",
      "css",
      "javascript",
      "五险一金",
      "员工旅游",
      "餐饮补贴",
      "通讯补贴",
      "专业培训",
      "绩效奖金",
      "年终奖金",
      "定期体检",
      "补充医疗保险"
    ],
    "region": "上海·普陀区",
    "companyloge": "https://img01.51jobcdn.com/fansImg/CompLogo/3/2563/2562076/2562076_120.gif?635745694712323442",
    "companyname": "上海翼得营销策划有限公司"
  },
  "98528146": {
    "name": "Web前端开发工程师",
    "salary": "1.3-1.8万",
    "welfare": [
      "5-7年",
      "本科",
      "Vue.js",
      "React",
      "五险一金",
      "员工旅游",
      "餐饮补贴",
      "定期体检",
      "法定节假日",
      "全勤奖",
      "过节费",
      "春节路费报销"
    ],
    "region": "上海·浦东新区",
    "companyloge": "https://img01.51jobcdn.com/fansImg/CompLogo/2/1431/1430329/1430329_120.gif?635779094849776281",
    "companyname": "深圳市紫川软件有限公司"
  },
  "105616612": {
    "name": "Web前端开发工程师",
    "salary": "1-1.2万",
    "welfare": [
      "3-4年",
      "大专",
      "vue",
      "springboot",
      "五险一金",
      "补充医疗保险",
      "绩效奖金",
      "定期体检"
    ],
    "region": "上海·浦东新区",
    "companyloge": "https://img04.51jobcdn.com/im/mkt/app/51job_phone/app/homelogo/new/home_logo_default_software.png",
    "companyname": "上海软中信息技术有限公司"
  },
  "120037061": {
    "name": "中级前端开发工程师",
    "salary": "7千-1.2万",
    "welfare": [
      "2年",
      "大专",
      "React/HTML",
      "五险一金",
      "定期体检",
      "免费班车",
      "员工旅游",
      "年终奖金",
      "带薪年假",
      "免费住宿",
      "免费工作餐"
    ],
    "region": "上海·松江区",
    "companyloge": "https://img04.51jobcdn.com/im/mkt/app/51job_phone/app/homelogo/new/home_logo_default_pharmacy.png",
    "companyname": "生工生物工程（上海）股份有限公司"
  },
  "125112949": {
    "name": "Web前端开发工程师",
    "salary": "8千-1.2万·13薪",
    "welfare": [
      "3-4年",
      "本科",
      "前段代码",
      "五险一金",
      "年终奖金",
      "专业培训",
      "节日福利",
      "带薪年假",
      "包住宿",
      "员工旅游",
      "定期体检",
      "绩效奖金"
    ],
    "region": "上海·金山区",
    "companyloge": "https://img01.51jobcdn.com/fansImg/CompLogo/5/4148/4147691/57318090021080971566_300.png?1660179232443",
    "companyname": "昂顿科技（上海）有限公司"
  },
  "139325343": {
    "name": "前端开发工程师",
    "salary": "1.5-2.5万",
    "welfare": [
      "3-4年",
      "本科",
      "web前端",
      "vue",
      "小程序",
      "web开发",
      "javascript"
    ],
    "region": "上海·浦东新区",
    "companyloge": "https://img01.51jobcdn.com/fansImg/CompLogo/4/3599/3598822/134417845700765227990_300.png?1667886859984",
    "companyname": "前程无忧(上海)"
  },
  "139644163": {
    "name": "高级前端开发工程师",
    "salary": "6千-1.2万·13薪",
    "welfare": [
      "3-4年",
      "本科",
      "javascript",
      "css",
      "js",
      "html",
      "git",
      "小程序",
      "app",
      "vue",
      "react",
      "五险一金",
      "定期体检",
      "周末双休",
      "年终奖金",
      "通讯补贴",
      "绩效奖金",
      "员工旅游"
    ],
    "region": "昆明·五华区",
    "companyloge": "https://img04.51jobcdn.com/im/mkt/app/51job_phone/app/homelogo/new/home_logo_default_software.png",
    "companyname": "云南酷联科技有限公司"
  },
  "140194395": {
    "name": "前端开发工程师",
    "salary": "8千-1.5万",
    "welfare": [
      "2年",
      "本科",
      "前端",
      "开发",
      "web",
      "前端UI",
      "五险一金",
      "餐饮补贴",
      "专业培训",
      "绩效奖金",
      "年终奖金"
    ],
    "region": "上海·普陀区",
    "companyloge": "https://img04.51jobcdn.com/im/mkt/app/51job_phone/app/homelogo/home_logo_default.png",
    "companyname": "上海欣影电力科技股份有限公司"
  },
  "140240805": {
    "name": "前端开发工程师",
    "salary": "7千-1万·13薪",
    "welfare": [
      "3-4年",
      "本科",
      "javascript",
      "css",
      "js",
      "五险一金",
      "员工旅游",
      "交通补贴",
      "餐饮补贴",
      "通讯补贴",
      "专业培训",
      "年终奖金",
      "绩效奖金"
    ],
    "region": "昆明·五华区",
    "companyloge": "https://img01.51jobcdn.com/fansImg/CompLogo/6/5599/5598361/5598361_300.png?637419998940014813",
    "companyname": "云南联横利众科技有限公司"
  },
  "140983003": {
    "name": "前端开发工程师",
    "salary": "1.5-2.5万",
    "welfare": [
      "1年",
      "本科",
      "HTML",
      "CSS",
      "Vue",
      "JavaScript",
      "SVN",
      "五险一金",
      "专业培训",
      "通讯补贴",
      "绩效奖金"
    ],
    "region": "上海",
    "companyloge": "https://img01.51jobcdn.com/fansImg/CompLogo/3/2197/2196905/2196905_120.gif?636353763266676580",
    "companyname": "安科瑞电气股份有限公司"
  },
  "141399161": {
    "name": "Web前端开发工程师",
    "salary": "8千-1.1万·13薪",
    "welfare": [
      "无需经验",
      "大专",
      "小程序",
      "html",
      "javascript",
      "jquery",
      "css",
      "js",
      "git",
      "五险一金",
      "绩效奖金",
      "员工旅游",
      "专业培训"
    ],
    "region": "上海·杨浦区",
    "companyloge": "https://img01.51jobcdn.com/fansImg/CompLogo/3/2458/2457849/2457849_300.jpg?637188471227031913",
    "companyname": "上海班田企业形象策划有限公司"
  },
  "141430120": {
    "name": "Web前端开发",
    "salary": "1.5-2.5万",
    "welfare": [
      "2年",
      "本科",
      "css",
      "js",
      "javascript",
      "html",
      "五险一金",
      "餐饮补贴",
      "交通补贴",
      "定期体检"
    ],
    "region": "北京·大兴区",
    "companyloge": "https://img04.51jobcdn.com/im/mkt/app/51job_phone/app/homelogo/new/home_logo_default_medicalequipment.png",
    "companyname": "德莱森（北京）医疗科技有限公司"
  },
  "141961619": {
    "name": "中级VUE前端开发工程师",
    "salary": "7.5千-1.2万",
    "welfare": [
      "3-4年",
      "大专",
      "小程序",
      "app",
      "js",
      "html",
      "uniapp",
      "uni_app",
      "五险一金",
      "股票期权",
      "绩效奖金",
      "年终奖金",
      "春节额外假期"
    ],
    "region": "上海·闵行区",
    "companyloge": "https://img04.51jobcdn.com/im/mkt/app/51job_phone/app/homelogo/new/home_logo_default_software.png",
    "companyname": "上海红岭科技有限公司"
  },
  "143358554": {
    "name": "前端开发工程师",
    "salary": "1.2-2.4万",
    "welfare": [
      "3-4年",
      "本科",
      "html",
      "小程序",
      "javascript",
      "vue",
      "react",
      "员工旅游",
      "餐饮补贴",
      "定期体检",
      "节日福利",
      "六险一金",
      "专业培训"
    ],
    "region": "北京·海淀区",
    "companyloge": "https://img01.51jobcdn.com/fansImg/CompLogo/2/1546/1545107/1545107_120.gif?636501560681636985",
    "companyname": "福建顶点软件股份有限公司"
  },
  "145706837": {
    "name": "Java开发工程师",
    "salary": "1.1-1.8万",
    "welfare": [
      "3-4年",
      "本科",
      "java",
      "javascript",
      "css",
      "html",
      "绩效考核奖励",
      "五险一金",
      "带薪年假",
      "餐饮补贴"
    ],
    "region": "北京·石景山区",
    "companyloge": "https://img04.51jobcdn.com/im/mkt/app/51job_phone/app/homelogo/new/home_logo_default_software.png",
    "companyname": "北京天舟上元信息技术有限公司"
  },
  "145756241": {
    "name": "前端高级开发工程师",
    "salary": "2-3万",
    "welfare": [
      "2年",
      "本科",
      "前端",
      "css",
      "html",
      "javascript",
      "es5",
      "websocket",
      "es6",
      "restfulapi",
      "angular",
      "react",
      "五险一金",
      "餐饮补贴",
      "交通补贴",
      "带薪年假"
    ],
    "region": "北京·海淀区",
    "companyloge": "https://img04.51jobcdn.com/im/mkt/app/51job_phone/app/homelogo/new/home_logo_default_software.png",
    "companyname": "北京云锁人工智能科技股份有限公司"
  },
  "147603859": {
    "name": "RJ-前端开发工程师",
    "salary": "9千-1.3万·13薪",
    "welfare": [
      "2年",
      "本科",
      "jquery",
      "css",
      "html",
      "vue",
      "js",
      "web",
      "layui",
      "react",
      "echarts",
      "地图api",
      "年终奖金",
      "员工旅游",
      "定期体检",
      "通讯补贴",
      "餐饮补贴",
      "一年加薪一次",
      "五险一金",
      "专业培训",
      "年底双薪",
      "带薪年假"
    ],
    "region": "北京·昌平区",
    "companyloge": "https://img01.51jobcdn.com/fansImg/CompLogo/1/693/692605/692605_300.png?637401668636192943",
    "companyname": "北京万维盈创科技发展有限公司"
  },
  "148317052": {
    "name": "Web前端工程师",
    "salary": "1-1.6万",
    "welfare": [
      "2年",
      "本科",
      "css",
      "vue",
      "地理信息系统",
      "leaflet",
      "openlayer",
      "html",
      "跨浏览器",
      "页面性能优化",
      "js开发",
      "前端研发",
      "五险一金",
      "绩效奖金",
      "年终奖金",
      "做五休二",
      "节日福利"
    ],
    "region": "上海·普陀区",
    "companyloge": "https://img01.51jobcdn.com/fansImg/CompLogo/3/2770/2769263/2769263_300.jpg?637186852771697576",
    "companyname": "上海地听信息科技有限公司"
  },
  "149527101": {
    "name": "前端开发工程师",
    "salary": "1.2-1.8万",
    "welfare": [
      "3-4年",
      "本科",
      "前端",
      "H5",
      "五险一金",
      "定期体检",
      "7天带薪年假"
    ],
    "region": "上海·浦东新区",
    "companyloge": "https://img01.51jobcdn.com/fansImg/CompLogo/1/2/1249/122569213748283499406_300.png?1667890646943",
    "companyname": "“前程无忧”51job.com（上海）"
  },
  "150193868": {
    "name": "前端开发工程师",
    "salary": "1.5-2万·13薪",
    "welfare": [
      "3-4年",
      "本科",
      "css",
      "html",
      "javascript",
      "canvas",
      "es6",
      "五险一金",
      "补充医疗保险",
      "年终奖金",
      "定期体检"
    ],
    "region": "北京·东城区",
    "companyloge": "https://img04.51jobcdn.com/im/mkt/app/51job_phone/app/homelogo/new/home_logo_default_software.png",
    "companyname": "上海安托信息技术有限公司"
  },
  "150637705": {
    "name": "uniapp开发工程师",
    "salary": "1.2-2万",
    "welfare": [
      "2年",
      "大专",
      "uniapp",
      "vue",
      "nodejs",
      "全栈开发",
      "五险一金",
      "餐饮补贴",
      "年终奖金",
      "定期体检"
    ],
    "region": "北京",
    "companyloge": "https://img01.51jobcdn.com/fansImg/CompLogo/3/2982/2981446/23707507629662425765_300.png?1678155380064",
    "companyname": "北京信普达系统工程有限公司"
  },
  "150812735": {
    "name": "前端开发工程师",
    "salary": "2-3万·13薪",
    "welfare": [
      "2年",
      "本科",
      "计算机",
      "jquery",
      "css",
      "html",
      "javascript",
      "年终奖金",
      "绩效奖金",
      "五险一金",
      "补充医疗保险",
      "补充公积金",
      "专业培训",
      "定期体检",
      "餐饮补贴",
      "免费班车"
    ],
    "region": "上海·崇明区",
    "companyloge": "https://img04.51jobcdn.com/im/mkt/app/51job_phone/app/homelogo/new/home_logo_default_trade.png",
    "companyname": "瑞桄（上海）网络科技有限公司"
  },
  "151031302": {
    "name": "前端开发工程师",
    "salary": "1-1.6万",
    "welfare": [
      "3-4年",
      "本科",
      "vue",
      "js",
      "前端开发",
      "javascript",
      "html",
      "css",
      "es6",
      "node.js",
      "easyui",
      "webpack",
      "五险一金",
      "餐饮补贴",
      "专业培训",
      "绩效奖金",
      "员工旅游",
      "通讯补贴",
      "项目奖金"
    ],
    "region": "上海·松江区",
    "companyloge": "https://img01.51jobcdn.com/fansImg/CompLogo/5/4742/4741310/4741310_120.gif?636451489326167260",
    "companyname": "国以贤智能科技（上海）股份有限公司"
  },
  "151072869": {
    "name": "Web前端开发",
    "salary": "1.5-2万·13薪",
    "welfare": [
      "2年",
      "本科",
      "计算机",
      "jquery",
      "css",
      "html",
      "javascript",
      "vue",
      "ajax",
      "前端",
      "html5",
      "前端开发",
      "五险一金",
      "专业培训",
      "交通补贴",
      "餐饮补贴",
      "通讯补贴",
      "年终奖金",
      "定期体检"
    ],
    "region": "上海·杨浦区",
    "companyloge": "https://img04.51jobcdn.com/im/mkt/app/51job_phone/app/homelogo/new/home_logo_default_elect.png",
    "companyname": "上海以立信息科技有限公司"
  },
  "151084501": {
    "name": "Web前端工程师",
    "salary": "1.5-1.8万",
    "welfare": [
      "5-7年",
      "本科",
      "html",
      "javascript",
      "vue",
      "前端",
      "mvc",
      "web",
      "react",
      "文档编写",
      "前端框架",
      "mes",
      "五险一金"
    ],
    "region": "上海·长宁区",
    "companyloge": "https://img04.51jobcdn.com/im/mkt/app/51job_phone/app/homelogo/new/home_logo_default_internet.png",
    "companyname": "湖北天天数链技术有限公司"
  },
  "151200673": {
    "name": "前端开发工程师",
    "salary": "9千-1.2万",
    "welfare": [
      "2年",
      "大专",
      "css",
      "html",
      "svn",
      "前端",
      "git",
      "js",
      "es6",
      "接口对接",
      "vscode",
      "VUE",
      "五险一金",
      "餐饮补贴",
      "年终奖金",
      "专业培训"
    ],
    "region": "上海·普陀区",
    "companyloge": "https://img04.51jobcdn.com/im/mkt/app/51job_phone/app/homelogo/new/home_logo_default_software.png",
    "companyname": "仁卅信息科技（上海）有限公司"
  },
  "151251269": {
    "name": "Java高级工程师",
    "salary": "1.8-3.5万·13薪",
    "welfare": [
      "3-4年",
      "本科",
      "计算机",
      "java",
      "mysql",
      "oracle",
      "数据库",
      "jquery",
      "html",
      "javascript",
      "sql",
      "eclipse",
      "五险一金",
      "员工旅游",
      "交通补贴",
      "专业培训",
      "通讯补贴"
    ],
    "region": "上海·浦东新区",
    "companyloge": "https://img01.51jobcdn.com/fansImg/CompLogo/4/3787/3786664/3786664_120.gif?635852696864442154",
    "companyname": "甘棠软件系统（上海）有限公司"
  },
  "151290855": {
    "name": "Web前端开发",
    "salary": "9千-1.2万",
    "welfare": [
      "2年",
      "本科",
      "java",
      "jquery",
      "css",
      "html",
      "javascript",
      "自动化",
      "html5",
      "编程",
      "前端开发",
      "react",
      "餐饮补贴",
      "绩效奖金",
      "五险一金",
      "通讯补贴"
    ],
    "region": "上海·宝山区",
    "companyloge": "https://img04.51jobcdn.com/im/mkt/app/51job_phone/app/homelogo/new/home_logo_default_software.png",
    "companyname": "上海万序健康科技有限公司"
  },
  "151290856": {
    "name": "Web前端开发",
    "salary": "9千-1.2万",
    "welfare": [
      "2年",
      "本科",
      "java",
      "jquery",
      "css",
      "html",
      "javascript",
      "自动化",
      "html5",
      "编程",
      "前端开发",
      "react",
      "餐饮补贴",
      "绩效奖金",
      "五险一金",
      "通讯补贴"
    ],
    "region": "上海·宝山区",
    "companyloge": "https://img04.51jobcdn.com/im/mkt/app/51job_phone/app/homelogo/new/home_logo_default_software.png",
    "companyname": "上海万序健康科技有限公司"
  },
  "151598327": {
    "name": "前端开发工程师",
    "salary": "1.5-2万",
    "welfare": [
      "5-7年",
      "大专",
      "租赁",
      "财务",
      "css",
      "html",
      "javascript",
      "vue",
      "前端",
      "react",
      "商业地产",
      "angularjs",
      "五险一金"
    ],
    "region": "北京·朝阳区",
    "companyloge": "https://img04.51jobcdn.com/im/mkt/app/51job_phone/app/homelogo/new/home_logo_default_internet.png",
    "companyname": "湖北天天数链技术有限公司"
  },
  "151657285": {
    "name": "前端开发工程师",
    "salary": "8千-1.6万",
    "welfare": [
      "3-4年",
      "大专",
      "jquery",
      "css",
      "html",
      "ajax",
      "html5",
      "git",
      "photoshop",
      "项目开发",
      "webpack",
      "效果图",
      "五险一金",
      "五险一金"
    ],
    "region": "上海·杨浦区",
    "companyloge": "https://img04.51jobcdn.com/im/mkt/app/51job_phone/app/homelogo/new/home_logo_default_internet.png",
    "companyname": "进才企业管理（广州）有限公司"
  },
  "151693893": {
    "name": "前端工程师",
    "salary": "1.1-2.2万",
    "welfare": [
      "3-4年",
      "本科",
      "计算机",
      "html",
      "五险一金",
      "专业培训",
      "员工旅游",
      "交通补贴",
      "餐饮补贴",
      "通讯补贴",
      "年终奖金",
      "定期体检",
      "绩效奖金"
    ],
    "region": "上海·浦东新区",
    "companyloge": "https://img04.51jobcdn.com/im/mkt/app/51job_phone/app/homelogo/new/home_logo_default_software.png",
    "companyname": "上海佳依佳信息科技有限公司"
  },
  "151742906": {
    "name": "前端开发工程师",
    "salary": "8千-1.6万",
    "welfare": [
      "2年",
      "本科",
      "css",
      "html",
      "javascript",
      "vue",
      "前端",
      "前端开发",
      "react",
      "项目开发",
      "webpack",
      "前端框架",
      "五险一金",
      "年底双薪",
      "带薪年假"
    ],
    "region": "北京",
    "companyloge": "https://img04.51jobcdn.com/im/mkt/app/51job_phone/app/homelogo/new/home_logo_default_elect.png",
    "companyname": "北京乐智才云信息科技有限公司"
  },
  "151927206": {
    "name": "Java前端工程师",
    "salary": "1.2-1.6万",
    "welfare": [
      "5-7年",
      "大专",
      "计算机",
      "javascript",
      "svn",
      "前端",
      "html5",
      "git",
      "前端开发",
      "es6",
      "element_ui",
      "vue2",
      "五险一金",
      "交通补贴",
      "通讯补贴"
    ],
    "region": "上海·长宁区",
    "companyloge": "https://img04.51jobcdn.com/im/mkt/app/51job_phone/app/homelogo/new/home_logo_default_elect.png",
    "companyname": "上海瓴蔚信息科技有限公司"
  },
  "152032514": {
    "name": "前端开发工程师",
    "salary": "1-1.5万",
    "welfare": [
      "3-4年",
      "大专",
      "计算机",
      "vue",
      "前端开发",
      "编码",
      "功能开发",
      "界面设计",
      "数据交互",
      "页面设计",
      "代码开发",
      "技术选型",
      "做五休二",
      "五险一金",
      "补充医疗保险",
      "员工旅游",
      "绩效奖金",
      "年终奖金",
      "定期体检"
    ],
    "region": "上海·浦东新区",
    "companyloge": "https://img01.51jobcdn.com/fansImg/CompLogo/6/5668/5667628/5667628_300.png?637173034812754355",
    "companyname": "凯悦汉深（上海）健康科技有限公司"
  },
  "152039317": {
    "name": "前端Vue",
    "salary": "1.1-1.6万",
    "welfare": [
      "5-7年",
      "本科",
      "css",
      "html",
      "需求分析",
      "vue",
      "开发",
      "前端",
      "js",
      "webpack",
      "es6",
      "nodejs",
      "五险一金",
      "五险一金"
    ],
    "region": "北京·西城区",
    "companyloge": "https://img01.51jobcdn.com/fansImg/CompLogo/3/2556/2555714/2555714_120.gif?635699859442086377",
    "companyname": "中软国际科技服务有限公司"
  },
  "152103308": {
    "name": "前端中级开发工程师",
    "salary": "1.5-2万·13薪",
    "welfare": [
      "3-4年",
      "本科",
      "计算机",
      "测试",
      "开发",
      "自动化",
      "前端开发",
      "web",
      "h5",
      "flex",
      "部署",
      "移动端",
      "专业培训",
      "节日福利",
      "下午茶",
      "常备咖啡零食",
      "员工旅游",
      "五险一金",
      "补充医疗保险",
      "年终奖金",
      "能落户上海",
      "绩效奖金"
    ],
    "region": "上海·浦东新区",
    "companyloge": "https://img01.51jobcdn.com/fansImg/CompLogo/6/5693/5692342/5692342_300.png?637643639550862406",
    "companyname": "上海犀浦智能系统有限公司"
  },
  "152265938": {
    "name": "前端工程师",
    "salary": "1.3-1.6万",
    "welfare": [
      "3-4年",
      "本科",
      "css",
      "html",
      "vue",
      "调试",
      "git",
      "前端开发",
      "app",
      "webpack",
      "es6",
      "h5",
      "五险",
      "五险"
    ],
    "region": "北京·海淀区",
    "companyloge": "https://img04.51jobcdn.com/im/mkt/app/51job_phone/app/homelogo/new/home_logo_default_software.png",
    "companyname": "北京中科赢通科技有限公司"
  },
  "152326241": {
    "name": "Full Stack Web Engineer-17950",
    "salary": "2.5-3.2万",
    "welfare": [
      "3-4年",
      "本科",
      "software",
      "web",
      "algorithm",
      "JavaScript",
      "CSS",
      "HTML",
      "补充医疗保险",
      "定期体检",
      "七险一金",
      "带薪年假",
      "带薪病假",
      "免费健身"
    ],
    "region": "北京·朝阳区",
    "companyloge": "https://img01.51jobcdn.com/fansImg/CompLogo/1/112/111126/21717556518258975576_300.jpeg?1656915352707",
    "companyname": "瞬联软件科技（北京）有限公司 CIeNET Technologies"
  },
  "152335849": {
    "name": "java开发工程师",
    "salary": "1.5-2.5万",
    "welfare": [
      "5-7年",
      "本科",
      "计算机",
      "java",
      "mysql",
      "数据库",
      "jquery",
      "linux",
      "springboot",
      "css",
      "html",
      "redis",
      "做五休二",
      "带薪年假",
      "五险一金",
      "节日福利",
      "绩效奖金"
    ],
    "region": "上海·静安区",
    "companyloge": "https://img04.51jobcdn.com/im/mkt/app/51job_phone/app/homelogo/new/home_logo_default_internet.png",
    "companyname": "上海瀚医健康管理咨询有限公司"
  },
  "152338875": {
    "name": "前端开发工程师",
    "salary": "1-2万·13薪",
    "welfare": [
      "2年",
      "本科",
      "计算机",
      "java",
      "jquery",
      "css",
      "html",
      "javascript",
      "vue",
      "前端开发",
      "react",
      "json",
      "五险一金",
      "年终奖金",
      "弹性工作",
      "定期体检",
      "餐饮补贴"
    ],
    "region": "上海·浦东新区",
    "companyloge": "https://img04.51jobcdn.com/im/mkt/app/51job_phone/app/homelogo/new/home_logo_default_accounting.png",
    "companyname": "才纵（上海）工程技术有限公司"
  },
  "152357371": {
    "name": "web全栈工程师",
    "salary": "8千-1.6万·13薪",
    "welfare": [
      "3-4年",
      "本科",
      "java",
      "mysql",
      "数据库",
      "jquery",
      "css",
      "html",
      "javascript",
      "开发",
      "git",
      "项目开发",
      "周末双休",
      "五险",
      "13薪"
    ],
    "region": "昆明·官渡区",
    "companyloge": "https://img04.51jobcdn.com/im/mkt/app/51job_phone/app/homelogo/new/home_logo_default_software.png",
    "companyname": "昆明挥瀚电子科技有限公司"
  },
  "152362080": {
    "name": "全栈工程师",
    "salary": "1.5-2.4万",
    "welfare": [
      "3-4年",
      "本科",
      "管理",
      "数据库",
      "springboot",
      "css",
      "html",
      "javascript",
      "sql",
      "vue",
      "springcloud",
      "前端",
      "五险一金",
      "五险一金"
    ],
    "region": "上海",
    "companyloge": "https://img04.51jobcdn.com/im/mkt/app/51job_phone/app/homelogo/new/home_logo_default_accounting.png",
    "companyname": "上海前锦众程人力资源有限公司"
  },
  "152362224": {
    "name": "全栈工程师",
    "salary": "1.6-2.4万",
    "welfare": [
      "3-4年",
      "本科",
      "管理",
      "数据库",
      "springboot",
      "css",
      "html",
      "javascript",
      "sql",
      "vue",
      "springcloud",
      "前端",
      "五险一金",
      "五险一金"
    ],
    "region": "上海",
    "companyloge": "https://img04.51jobcdn.com/im/mkt/app/51job_phone/app/homelogo/new/home_logo_default_accounting.png",
    "companyname": "上海前锦众程人力资源有限公司"
  },
  "152362265": {
    "name": "前端开发工程师",
    "salary": "1-1.4万",
    "welfare": [
      "3-4年",
      "本科",
      "前端开发",
      "web前端开发",
      "设计师",
      "五险一金",
      "五险一金"
    ],
    "region": "上海",
    "companyloge": "https://img04.51jobcdn.com/im/mkt/app/51job_phone/app/homelogo/new/home_logo_default_accounting.png",
    "companyname": "上海前锦众程人力资源有限公司"
  },
  "152376005": {
    "name": "前端开发工程师",
    "salary": "1-1.2万",
    "welfare": [
      "2年",
      "大专",
      "react",
      "web开发",
      "echarts",
      "前端开发",
      "angular",
      "vue",
      "jq",
      "五险一金",
      "年终奖金"
    ],
    "region": "上海·宝山区",
    "companyloge": "https://img04.51jobcdn.com/im/mkt/app/51job_phone/app/homelogo/new/home_logo_default_software.png",
    "companyname": "上海届远信息技术有限公司"
  },
  "152380349": {
    "name": "中级Java开发工程师",
    "salary": "6千-1.1万·13薪",
    "welfare": [
      "2年",
      "本科",
      "oracle",
      "spring",
      "jquery",
      "linux",
      "springboot",
      "css",
      "html",
      "javascript",
      "sql",
      "ajax",
      "五险一金",
      "绩效奖金",
      "年终奖金",
      "定期体检"
    ],
    "region": "昆明·盘龙区",
    "companyloge": "https://img04.51jobcdn.com/im/mkt/app/51job_phone/app/homelogo/new/home_logo_default_software.png",
    "companyname": "深圳市壹平台信息技术有限公司"
  },
  "152385015": {
    "name": "Java开发工程师",
    "salary": "1.2-2.4万·14薪",
    "welfare": [
      "3-4年",
      "大专",
      "java",
      "linux",
      "springboot",
      "mybatis",
      "html",
      "springmvc",
      "redis",
      "vue",
      "springcloud",
      "git",
      "五险一金",
      "补充医疗保险",
      "员工旅游",
      "交通补贴",
      "餐饮补贴",
      "通讯补贴",
      "专业培训",
      "年终奖金",
      "定期体检"
    ],
    "region": "上海·长宁区",
    "companyloge": "https://img04.51jobcdn.com/im/mkt/app/51job_phone/app/homelogo/new/home_logo_default_instrumentation.png",
    "companyname": "苏州德中创恒软件科技有限公司"
  },
  "152388487": {
    "name": "前端开发工程师",
    "salary": "1-2万·13薪",
    "welfare": [
      "2年",
      "硕士",
      "java",
      "数据库",
      "spring",
      "测试",
      "springboot",
      "css",
      "html",
      "springmvc",
      "javascript",
      "需求分析",
      "补充医疗保险",
      "专业培训",
      "年终奖金",
      "定期体检",
      "年节礼物",
      "餐饮补贴",
      "差旅补贴",
      "八险二金"
    ],
    "region": "北京·丰台区",
    "companyloge": "https://img01.51jobcdn.com/fansImg/CompLogo/6/5198/5197785/14831582452976840990_300.png?1669278942692",
    "companyname": "中国质量认证中心"
  },
  "152397953": {
    "name": "高级Web前端工程师",
    "salary": "1.5-3万",
    "welfare": [
      "3-4年",
      "本科",
      "css",
      "html",
      "javascript",
      "ajax",
      "前端",
      "前端开发",
      "解决方案",
      "react",
      "前端框架",
      "架构设计",
      "五险一金",
      "补充医疗保险",
      "员工旅游",
      "专业培训",
      "出国机会",
      "弹性工作",
      "定期体检",
      "绩效奖金",
      "餐饮补贴",
      "年终奖金"
    ],
    "region": "上海·浦东新区",
    "companyloge": "https://img01.51jobcdn.com/fansImg/CompLogo/4/3968/3967456/18459205358715003962_300.png?1674092930797",
    "companyname": "万得信息技术股份有限公司"
  }
}