{
  "99348857": {
    "name": "运维服务工程师",
    "salary": "7千-1万",
    "welfare": [
      "1年",
      "大专"
    ],
    "region": "上海",
    "companyname": "上海先云网络科技有限公司",
    "companyloge": "https://img04.51jobcdn.com/im/mkt/app/51job_phone/app/homelogo/new/home_logo_default_imnetwork.png"
  },
  "117625510": {
    "name": "运维工程师",
    "salary": "4-6千",
    "welfare": [
      "1年",
      "大专",
      "运维工程师",
      "运维",
      "数据库",
      "linux",
      "sql",
      "oracle数据库",
      "软件开发",
      "运维工程"
    ],
    "region": "昆明·盘龙区",
    "companyname": "昆明安舍科技有限公司",
    "companyloge": "https://img01.51jobcdn.com/fansImg/CompLogo/4/3423/3422781/3422781_120.gif?636226934237362060"
  },
  "122580165": {
    "name": "驻场维护工程师",
    "salary": "8-12万/年",
    "welfare": [
      "无需经验",
      "大专",
      "华为、cisco",
      "IT运维"
    ],
    "region": "上海·徐汇区",
    "companyname": "上海仪电物联技术股份有限公司",
    "companyloge": "https://img01.51jobcdn.com/fansImg/CompLogo/6/5442/5441926/61175605433279334742_300.png?1661751320252"
  },
  "124506023": {
    "name": "在线技术支持工程师--粤语",
    "salary": "6-8千",
    "welfare": [
      "无需经验",
      "大专",
      "粤语",
      "客服",
      "技术支持",
      "工程师",
      "IT运维",
      "helpdesk",
      "打印机",
      "复印机",
      "五险一金",
      "带薪年假",
      "绩效奖金",
      "节日福利",
      "专业培训",
      "年终双薪",
      "补充医疗保险",
      "定期体检"
    ],
    "region": "上海",
    "companyname": "富士胶片商业创新（中国）有限公司",
    "companyloge": "https://img04.51jobcdn.com/im/mkt/app/51job_phone/app/homelogo/home_logo_default.png"
  },
  "125398321": {
    "name": "网络技术工程师",
    "salary": "6-7千",
    "welfare": [
      "1年",
      "大专",
      "网络",
      "运维",
      "故障排查",
      "问题处理",
      "数通",
      "五险一金",
      "带薪年假",
      "节日福利",
      "年终奖金",
      "弹性工作",
      "通讯补贴",
      "绩效奖金"
    ],
    "region": "上海",
    "companyname": "极三科技有限公司",
    "companyloge": "https://img01.51jobcdn.com/fansImg/CompLogo/4/3593/3592867/271267876385661641886_300.png?1681870575024"
  },
  "126279130": {
    "name": "通信技术工程师",
    "salary": "7千-1.3万",
    "welfare": [
      "1年",
      "本科",
      "五险一金",
      "餐饮补贴",
      "交通补贴",
      "通讯补贴",
      "专业培训",
      "年终奖金"
    ],
    "region": "上海",
    "companyname": "上海粱江通信系统股份有限公司",
    "companyloge": "https://img04.51jobcdn.com/im/mkt/app/51job_phone/app/homelogo/home_logo_default.png"
  },
  "130986768": {
    "name": "IT系统工程师",
    "salary": "1.5-2万·13薪",
    "welfare": [
      "2年",
      "大专",
      "it",
      "网络",
      "网络工程师",
      "五险一金",
      "年终奖金",
      "做五休二",
      "餐饮补贴"
    ],
    "region": "上海·普陀区",
    "companyname": "上海百雀羚（集团）有限公司",
    "companyloge": "https://img04.51jobcdn.com/im/mkt/app/51job_phone/app/homelogo/new/home_logo_default_fmcg.png"
  },
  "131727460": {
    "name": "售后技术支持工程师（Linux）",
    "salary": "8千-1.5万",
    "welfare": [
      "1年",
      "大专",
      "做五休二",
      "交通补贴",
      "餐饮补贴",
      "通讯补贴",
      "免费班车",
      "带薪年假",
      "五险一金"
    ],
    "region": "上海·长宁区",
    "companyname": "Amaxchina上海办事处",
    "companyloge": "https://img04.51jobcdn.com/im/mkt/app/51job_phone/app/homelogo/new/home_logo_default_compuserve.png"
  },
  "132584666": {
    "name": "System Engineer 通信设备维护工程师",
    "salary": "1-1.5万",
    "welfare": [
      "1年",
      "大专",
      "通信",
      "技术",
      "五险一金",
      "弹性工作",
      "通讯补贴",
      "出国机会",
      "年终奖金",
      "专业培训"
    ],
    "region": "上海",
    "companyname": "飞坤信息技术（上海）有限公司",
    "companyloge": "https://img04.51jobcdn.com/im/mkt/app/51job_phone/app/homelogo/home_logo_default.png"
  },
  "134433811": {
    "name": "网络值班工程师（网络中心）",
    "salary": "5-7千",
    "welfare": [
      "1年",
      "大专",
      "值班",
      "网络",
      "故障处理",
      "网络技术",
      "电脑操作系统",
      "五险一金",
      "员工旅游",
      "交通补贴",
      "通讯补贴",
      "定期体检"
    ],
    "region": "上海·浦东新区",
    "companyname": "上海和座网络科技有限公司",
    "companyloge": "https://img04.51jobcdn.com/im/mkt/app/51job_phone/app/homelogo/new/home_logo_default_compuserve.png"
  },
  "135922883": {
    "name": "IT系统维护专员",
    "salary": "7千-1万",
    "welfare": [
      "2年",
      "大专",
      "it",
      "网络",
      "PC维护",
      "五险一金",
      "交通补贴",
      "年终奖金",
      "绩效奖金",
      "定期体检",
      "通讯补贴",
      "专业培训"
    ],
    "region": "上海·长宁区",
    "companyname": "公耀国际贸易（上海）有限公司",
    "companyloge": "https://img04.51jobcdn.com/im/mkt/app/51job_phone/app/homelogo/new/home_logo_default_chemicalindustry.png"
  },
  "136694054": {
    "name": "软件运维工程师",
    "salary": "7千-1.2万·14薪",
    "welfare": [
      "1年",
      "大专",
      "运维",
      "技术支持",
      "运维工程师",
      "系统运维",
      "五险一金",
      "年终奖金",
      "弹性工作",
      "交通补贴",
      "餐饮补贴",
      "通讯补贴",
      "补充医疗保险",
      "定期体检"
    ],
    "region": "上海·浦东新区",
    "companyname": "上海鼎格信息科技有限公司",
    "companyloge": "https://img04.51jobcdn.com/im/mkt/app/51job_phone/app/homelogo/new/home_logo_default_software.png"
  },
  "137637260": {
    "name": "维护工程师",
    "salary": "5.5-6.5千",
    "welfare": [
      "1年",
      "大专",
      "维护",
      "系统维护",
      "运维工程师",
      "运维",
      "五险一金",
      "员工旅游",
      "年终奖金",
      "定期体检",
      "补充医疗保险",
      "补充公积金",
      "工龄工资",
      "提供住宿",
      "定期岗位培训",
      "技术职位提升"
    ],
    "region": "北京·丰台区",
    "companyname": "中景政邦（北京）建设有限公司",
    "companyloge": "https://img04.51jobcdn.com/im/mkt/app/51job_phone/app/homelogo/new/home_logo_default_software.png"
  },
  "138048509": {
    "name": "电脑技术员/网络工程师/网络管理员（工体）",
    "salary": "4-6.5千",
    "welfare": [
      "无需经验",
      "中技/中专",
      "网络维护",
      "设备维护",
      "运维",
      "带薪年假",
      "五险一金",
      "包住宿",
      "节日福利",
      "包吃"
    ],
    "region": "北京·朝阳区",
    "companyname": "珠海横琴好唱文化投资管理集团有限公司",
    "companyloge": "https://img01.51jobcdn.com/fansImg/CompLogo/3/2428/2427247/2427247_300.png?637076195748792057"
  },
  "141078654": {
    "name": "网络技术工程师",
    "salary": "6.5-9千·13薪",
    "welfare": [
      "3-4年",
      "大专",
      "故障排查",
      "运维",
      "数通",
      "五险一金",
      "带薪年假",
      "节日福利",
      "年终奖金",
      "弹性工作",
      "通讯补贴",
      "绩效奖金"
    ],
    "region": "上海",
    "companyname": "极三科技有限公司",
    "companyloge": "https://img01.51jobcdn.com/fansImg/CompLogo/4/3593/3592867/271267876385661641886_300.png?1681870575024"
  },
  "141316555": {
    "name": "技术工程师",
    "salary": "6千-1万",
    "welfare": [
      "1年",
      "大专",
      "linux",
      "UOS",
      "centos",
      "技术工程师",
      "运维管理",
      "设备维修",
      "故障处理",
      "五险一金",
      "交通补贴",
      "定期体检",
      "专业培训",
      "绩效奖金",
      "年终奖金",
      "员工旅游",
      "车费补贴",
      "餐饮补贴",
      "弹性工作"
    ],
    "region": "上海·普陀区",
    "companyname": "上海兑申信息技术有限公司",
    "companyloge": "https://img04.51jobcdn.com/im/mkt/app/51job_phone/app/homelogo/new/home_logo_default_imnetwork.png"
  },
  "141711457": {
    "name": "服务器驻场工程师",
    "salary": "7千-1.2万",
    "welfare": [
      "1年",
      "大专",
      "五险一金",
      "补充医疗保险",
      "餐饮补贴",
      "通讯补贴",
      "定期体检",
      "节日福利",
      "公司年假"
    ],
    "region": "上海·浦东新区",
    "companyname": "上海汉盛信息科技有限公司",
    "companyloge": "https://img04.51jobcdn.com/im/mkt/app/51job_phone/app/homelogo/new/home_logo_default_compuserve.png"
  },
  "142020826": {
    "name": "技术支持工程师",
    "salary": "8千-1.3万",
    "welfare": [
      "1年",
      "大专",
      "技术支持",
      "服务器",
      "虚拟化",
      "IT设备",
      "存储",
      "交换",
      "路由",
      "五险一金",
      "员工旅游",
      "通讯补贴",
      "绩效奖金",
      "年终奖金",
      "定期体检"
    ],
    "region": "上海·静安区",
    "companyname": "上海紫越网络科技股份有限公司",
    "companyloge": "https://img01.51jobcdn.com/fansImg/CompLogo/1/305/304620/304620_120.gif?635800702276729027"
  },
  "142794278": {
    "name": "技术支持/维护工程师",
    "salary": "8千-1.5万",
    "welfare": [
      "无需经验",
      "大专"
    ],
    "region": "北京·昌平区",
    "companyname": "河北彼得信息技术有限公司",
    "companyloge": "https://img04.51jobcdn.com/im/mkt/app/51job_phone/app/homelogo/new/home_logo_default_imnetwork.png"
  },
  "143264456": {
    "name": "驻点网络工程师（北京）",
    "salary": "7千-1.1万",
    "welfare": [
      "1年",
      "大专",
      "五险一金",
      "周末双休",
      "年终奖金",
      "交通补贴",
      "通讯补贴",
      "员工旅游"
    ],
    "region": "北京",
    "companyname": "广州世安信息技术股份有限公司",
    "companyloge": "https://img01.51jobcdn.com/fansImg/CompLogo/2/1511/1510336/1510336_300.png?637825233554842559"
  },
  "143496340": {
    "name": "运维技术员",
    "salary": "7.5千-1万",
    "welfare": [
      "1年",
      "本科",
      "通信",
      "机房",
      "五险一金",
      "补充医疗保险",
      "补充公积金",
      "绩效奖金",
      "专业培训",
      "定期体检"
    ],
    "region": "上海",
    "companyname": "东方有线网络有限公司",
    "companyloge": "https://img04.51jobcdn.com/im/mkt/app/51job_phone/app/homelogo/home_logo_default.png"
  },
  "145876544": {
    "name": "服务器/网络工程师（上海）",
    "salary": "8千-1.3万·14薪",
    "welfare": [
      "无需经验",
      "本科",
      "运维",
      "服务器",
      "系统管理",
      "五险一金",
      "员工旅游",
      "餐饮补贴",
      "通讯补贴",
      "年终奖金",
      "绩效奖金"
    ],
    "region": "上海·长宁区",
    "companyname": "仲利国际融资租赁有限公司",
    "companyloge": "https://img01.51jobcdn.com/fansImg/CompLogo/1/310/309838/309838_120.gif?635700459841158628"
  },
  "145889981": {
    "name": "初级网络安全技术支持工程师",
    "salary": "8千-1.4万",
    "welfare": [
      "2年",
      "大专",
      "网络安全",
      "渗透测试",
      "安全漏洞",
      "ccnp",
      "售后",
      "HCIE",
      "安全服务",
      "CISP",
      "系统集成",
      "五险一金",
      "交通补贴",
      "餐饮补贴",
      "通讯补贴",
      "绩效奖金",
      "股票期权",
      "弹性工作",
      "免费班车"
    ],
    "region": "上海·静安区",
    "companyname": "上海瀛太信息科技有限公司",
    "companyloge": "https://img01.51jobcdn.com/fansImg/CompLogo/6/5484/5483016/206365055519477381685_300.png?1676270261667"
  },
  "146222814": {
    "name": "运维工程师",
    "salary": "4-6千",
    "welfare": [
      "无需经验",
      "大专",
      "软件行业",
      "网络设备",
      "综合布线",
      "操作系统",
      "服务器",
      "五险一金",
      "专业培训",
      "绩效奖金",
      "年终奖金"
    ],
    "region": "昆明·西山区",
    "companyname": "云南蓝沃科技有限公司",
    "companyloge": "https://img04.51jobcdn.com/im/mkt/app/51job_phone/app/homelogo/new/home_logo_default_software.png"
  },
  "146820783": {
    "name": "综合布线实施工程师",
    "salary": "8千-1万",
    "welfare": [
      "1年",
      "大专",
      "施工",
      "监控",
      "弱电智能化",
      "楼宇智能化",
      "ict集成",
      "验收报告",
      "方案设计",
      "cad制图",
      "五险一金",
      "员工旅游",
      "交通补贴",
      "餐饮补贴",
      "专业培训",
      "绩效奖金",
      "年终奖金",
      "定期体检"
    ],
    "region": "上海·徐汇区",
    "companyname": "上海源派实业有限公司",
    "companyloge": "https://img01.51jobcdn.com/fansImg/CompLogo/3/2430/2429099/2429099_300.jpg?637019763259493880"
  },
  "148557848": {
    "name": "运维工程师",
    "salary": "7千-1.3万",
    "welfare": [
      "1年",
      "本科",
      "五险一金",
      "餐饮补贴",
      "交通补贴",
      "通讯补贴",
      "专业培训",
      "年终奖金"
    ],
    "region": "上海·浦东新区",
    "companyname": "上海粱江通信系统股份有限公司",
    "companyloge": "https://img04.51jobcdn.com/im/mkt/app/51job_phone/app/homelogo/home_logo_default.png"
  },
  "148999648": {
    "name": "IT工程师(J12709)",
    "salary": "8千-1.2万",
    "welfare": [
      "5-7年",
      "本科",
      "五险一金",
      "餐饮补贴",
      "通讯补贴",
      "定期体检",
      "提供住宿",
      "节日礼物",
      "团队聚餐"
    ],
    "region": "昆明·官渡区",
    "companyname": "昆明先导新材料科技有限责任公司",
    "companyloge": "https://img04.51jobcdn.com/im/mkt/app/51job_phone/app/homelogo/new/home_logo_default_rawmaterial.png"
  },
  "149440799": {
    "name": "售后技术支持工程师",
    "salary": "9千-1万",
    "welfare": [
      "无需经验",
      "本科",
      "售后支持",
      "技术支持",
      "售后技术",
      "五险一金",
      "餐饮补贴",
      "专业培训",
      "定期体检"
    ],
    "region": "北京·海淀区",
    "companyname": "上海宇高通讯设备有限公司",
    "companyloge": "https://img04.51jobcdn.com/im/mkt/app/51job_phone/app/homelogo/new/home_logo_default_software.png"
  },
  "149510500": {
    "name": "技术支持",
    "salary": "8千-1.2万·14薪",
    "welfare": [
      "1年",
      "大专",
      "技术支持",
      "信息安全",
      "网络安全",
      "五险一金",
      "员工旅游",
      "年终奖金",
      "绩效奖金",
      "专业培训",
      "通讯补贴",
      "餐饮补贴",
      "定期体检",
      "股票期权"
    ],
    "region": "上海·长宁区",
    "companyname": "上海鼎元信息科技有限公司",
    "companyloge": "https://img01.51jobcdn.com/fansImg/CompLogo/1/127/126522/126522_120.gif?636225106105095296"
  },
  "149553696": {
    "name": "初级运维工程师",
    "salary": "7千-1.3万",
    "welfare": [
      "无需经验",
      "大专",
      "运维",
      "五险一金",
      "补充商业保险",
      "通讯补贴",
      "证券休市假",
      "生日福利",
      "节日礼物",
      "过节礼金",
      "定期体检",
      "免费食堂",
      "绩效奖金"
    ],
    "region": "北京·西城区",
    "companyname": "北京迈捷映博科技有限公司",
    "companyloge": "https://img04.51jobcdn.com/im/mkt/app/51job_phone/app/homelogo/new/home_logo_default_software.png"
  },
  "149724688": {
    "name": "技术支持/维护工程师",
    "salary": "4-8千",
    "welfare": [
      "无需经验",
      "大专",
      "技术支持",
      "技术维护",
      "运维",
      "售后技术",
      "IT技术",
      "技术",
      "弹性工作",
      "五险",
      "专业培训",
      "交通补贴",
      "双休",
      "话费补贴",
      "员工福利",
      "年终奖金"
    ],
    "region": "昆明·盘龙区",
    "companyname": "云南索沃信息技术有限公司",
    "companyloge": "https://img01.51jobcdn.com/fansImg/CompLogo/6/5986/5985725/5985725_300.jpg?637400964482735844"
  },
  "150213974": {
    "name": "Helpdesk桌面工程师",
    "salary": "8千-1.3万·15薪",
    "welfare": [
      "2年",
      "大专",
      "windows",
      "系统安装",
      "运维",
      "电脑故障维修",
      "五险一金",
      "补充医疗保险",
      "免费班车",
      "绩效奖金",
      "定期体检",
      "餐饮补贴",
      "年终奖金",
      "专业培训"
    ],
    "region": "上海·嘉定区",
    "companyname": "上海光通信有限公司",
    "companyloge": "https://img01.51jobcdn.com/fansImg/CompLogo/8/7532/7531670/208735296402813791607_300.png?1675320894909"
  },
  "150228904": {
    "name": "IT环境运维工程师（网络）",
    "salary": "1-1.2万",
    "welfare": [
      "3-4年",
      "本科",
      "网络",
      "运维",
      "网络安全",
      "oa系统",
      "邮件系统",
      "网络架构",
      "服务器",
      "五险一金",
      "通讯补贴",
      "交通补贴",
      "定期体检",
      "专业培训",
      "员工旅游",
      "团建",
      "节日福利"
    ],
    "region": "上海·浦东新区",
    "companyname": "上海美勒丰科技有限公司",
    "companyloge": "https://img04.51jobcdn.com/im/mkt/app/51job_phone/app/homelogo/new/home_logo_default_medicalequipment.png"
  },
  "150754667": {
    "name": "技术管理专员（技术支持）",
    "salary": "8千-1万",
    "welfare": [
      "无需经验",
      "本科",
      "技术支持",
      "网络设备",
      "交换机",
      "华为认证",
      "中级职称",
      "项目负责人",
      "五险一金",
      "定期体检",
      "餐饮补贴",
      "绩效奖金",
      "节日福利",
      "高温补贴",
      "通讯补贴",
      "补充公积金",
      "交通补贴"
    ],
    "region": "上海·嘉定区",
    "companyname": "上海嘉定东方有线网络有限公司",
    "companyloge": "https://img04.51jobcdn.com/im/mkt/app/51job_phone/app/homelogo/home_logo_default.png"
  },
  "150832534": {
    "name": "运维工程师",
    "salary": "9千-1.4万·13薪",
    "welfare": [
      "无需经验",
      "大专",
      "运维",
      "运维文档",
      "系统应用",
      "数据统计",
      "优化方案",
      "运行管理",
      "员工旅游",
      "专业培训",
      "五险一金",
      "餐饮补贴",
      "定期体检",
      "弹性工作"
    ],
    "region": "北京·海淀区",
    "companyname": "中软芯科（广州）软件有限公司",
    "companyloge": "https://img04.51jobcdn.com/im/mkt/app/51job_phone/app/homelogo/new/home_logo_default_software.png"
  },
  "151180432": {
    "name": "网路维护工程师",
    "salary": "5千-1万",
    "welfare": [
      "2年",
      "中技/中专",
      "弱电",
      "监控",
      "局域网维护",
      "电脑硬件维护",
      "虚拟化服务器",
      "erp系统",
      "五险一金",
      "定期体检",
      "员工旅游",
      "专业培训",
      "餐饮补贴",
      "年终奖金"
    ],
    "region": "上海·奉贤区",
    "companyname": "浩盟车料（上海）有限公司",
    "companyloge": "https://img01.51jobcdn.com/fansImg/CompLogo/3/2200/2199412/209903921809894762161_300.png?1675734372344"
  },
  "151344966": {
    "name": "华为网络工程师",
    "salary": "5-7.5千·14薪",
    "welfare": [
      "无需经验",
      "大专",
      "计算机",
      "通信",
      "方案设计",
      "网络",
      "实施方案",
      "华为",
      "网络技术",
      "故障排查",
      "网络优化",
      "华三",
      "五险一金",
      "年终奖金",
      "周末双休",
      "央企福利",
      "住宿福利",
      "带薪休假",
      "节庆福利",
      "高温补贴"
    ],
    "region": "昆明·五华区",
    "companyname": "云南嘉拓信息技术有限公司",
    "companyloge": "https://img04.51jobcdn.com/im/mkt/app/51job_phone/app/homelogo/new/home_logo_default_software.png"
  },
  "151852048": {
    "name": "运维工程师",
    "salary": "5-8千·13薪",
    "welfare": [
      "1年",
      "大专",
      "培训",
      "验收",
      "运维",
      "故障处理",
      "华为",
      "视频会议系统",
      "运维文档",
      "网络故障处理",
      "管理运维",
      "音频系统",
      "五险一金",
      "年终奖金",
      "绩效奖金"
    ],
    "region": "北京·丰台区",
    "companyname": "武汉知会数字科技股份有限公司",
    "companyloge": "https://img01.51jobcdn.com/fansImg/CompLogo/7/6055/6054295/6054295_300.jpg?637777855779851531"
  },
  "151856200": {
    "name": "收款系统安装/维护",
    "salary": "5-6千",
    "welfare": [
      "无需经验",
      "故障处理",
      "专业培训",
      "领导好",
      "专业培训"
    ],
    "region": "上海·徐汇区",
    "companyname": "杉德银卡通信息服务有限公司",
    "companyloge": "https://img01.51jobcdn.com/fansImg/CompLogo/1/723/722240/722240_300.png?636861065816119514"
  },
  "151874688": {
    "name": "驻场工程师",
    "salary": "6-9千",
    "welfare": [
      "1年",
      "大专",
      "计算机",
      "电脑",
      "网络",
      "运维",
      "网络故障",
      "vmware虚拟化",
      "安全设备管理",
      "技术支持",
      "巡检",
      "五险一金",
      "员工旅游",
      "定期体检",
      "节日福利",
      "生日福利"
    ],
    "region": "上海",
    "companyname": "上海恒岳网络科技有限公司",
    "companyloge": "https://img01.51jobcdn.com/fansImg/CompLogo/6/5405/5404380/5404380_300.png?637648206151661440"
  },
  "151918949": {
    "name": "技术支持工程师",
    "salary": "7千-1.4万·13薪",
    "welfare": [
      "1年",
      "大专",
      "电子",
      "linux",
      "c++",
      "通信",
      "ssh",
      "计算机软件",
      "电子电路",
      "电力",
      "技术沟通",
      "ftp",
      "五险一金",
      "餐饮补贴",
      "专业培训",
      "绩效奖金",
      "年终奖金"
    ],
    "region": "上海·普陀区",
    "companyname": "上海欣影电力科技股份有限公司",
    "companyloge": "https://img04.51jobcdn.com/im/mkt/app/51job_phone/app/homelogo/home_logo_default.png"
  },
  "151985901": {
    "name": "无线网络技术工程师",
    "salary": "6千-1万",
    "welfare": [
      "3-4年",
      "本科",
      "计算机",
      "测试",
      "安装调试",
      "通讯",
      "工业自动化",
      "无线网络",
      "五险一金"
    ],
    "region": "上海·宝山区",
    "companyname": "上海裔星科技有限公司",
    "companyloge": "https://img04.51jobcdn.com/im/mkt/app/51job_phone/app/homelogo/new/home_logo_default_software.png"
  },
  "152016268": {
    "name": "技术支持/维护工程师",
    "salary": "1-1.1万",
    "welfare": [
      "无需经验",
      "大专",
      "电子",
      "操作系统",
      "网络安全",
      "安装部署",
      "数字",
      "计算",
      "网络系统集成",
      "五险一金",
      "补充医疗保险",
      "补充公积金",
      "免费班车",
      "交通补贴",
      "专业培训",
      "绩效奖金",
      "年终奖金",
      "定期体检",
      "餐饮补贴"
    ],
    "region": "上海·奉贤区",
    "companyname": "上海泊月信息科技有限公司",
    "companyloge": "https://img04.51jobcdn.com/im/mkt/app/51job_phone/app/homelogo/new/home_logo_default_software.png"
  },
  "152045959": {
    "name": "技术支持工程师",
    "salary": "8千-1.2万·13薪",
    "welfare": [
      "3-4年",
      "大专",
      "计算机",
      "电子",
      "通信",
      "蓝牙",
      "售后技术支持",
      "建设方案",
      "现场支持",
      "lora",
      "uwb",
      "五险一金",
      "通讯补贴",
      "弹性工作",
      "年终奖金",
      "绩效奖金",
      "员工旅游"
    ],
    "region": "上海·闵行区",
    "companyname": "上海优寻电子技术有限公司",
    "companyloge": "https://img04.51jobcdn.com/im/mkt/app/51job_phone/app/homelogo/new/home_logo_default_imnetwork.png"
  },
  "152050166": {
    "name": "网络运维工程师",
    "salary": "8千-1万",
    "welfare": [
      "无需经验",
      "大专",
      "计算机",
      "电子",
      "通信",
      "运维",
      "客户服务",
      "维护",
      "设备维护",
      "防火墙",
      "交换机",
      "网络设备",
      "五险一金",
      "专业培训",
      "年终奖金",
      "绩效奖金"
    ],
    "region": "北京·石景山区",
    "companyname": "郑州多弥电子科技有限公司",
    "companyloge": "https://img04.51jobcdn.com/im/mkt/app/51job_phone/app/homelogo/new/home_logo_default_elect.png"
  },
  "152050167": {
    "name": "网络运维工程师",
    "salary": "8千-1万",
    "welfare": [
      "无需经验",
      "大专",
      "计算机",
      "电子",
      "通信",
      "运维",
      "客户服务",
      "维护",
      "设备维护",
      "防火墙",
      "交换机",
      "网络设备",
      "五险一金",
      "专业培训",
      "年终奖金",
      "绩效奖金"
    ],
    "region": "上海·嘉定区",
    "companyname": "郑州多弥电子科技有限公司",
    "companyloge": "https://img04.51jobcdn.com/im/mkt/app/51job_phone/app/homelogo/new/home_logo_default_elect.png"
  },
  "152112177": {
    "name": "技术支持",
    "salary": "6-9千",
    "welfare": [
      "无需经验",
      "大专",
      "计算机",
      "网络",
      "tcp",
      "系统集成",
      "产品演示",
      "网络设备",
      "ip",
      "cisco",
      "通信设备",
      "网络通信协议",
      "五险一金",
      "交通补贴",
      "员工宿舍"
    ],
    "region": "上海·普陀区",
    "companyname": "上海壹通通信技术有限公司",
    "companyloge": "https://img04.51jobcdn.com/im/mkt/app/51job_phone/app/homelogo/new/home_logo_default_imnetwork.png"
  },
  "152158866": {
    "name": "Linux网络运维工程师",
    "salary": "6-8千·13薪",
    "welfare": [
      "1年",
      "大专",
      "linux",
      "需求分析",
      "开发",
      "功能测试",
      "项目实施",
      "研发",
      "shell",
      "技术方案",
      "技术文档编写",
      "概要设计",
      "五险一金",
      "带薪年假",
      "节日福利",
      "年终奖金",
      "弹性工作",
      "通讯补贴",
      "绩效奖金"
    ],
    "region": "上海",
    "companyname": "极三科技有限公司",
    "companyloge": "https://img01.51jobcdn.com/fansImg/CompLogo/4/3593/3592867/271267876385661641886_300.png?1681870575024"
  },
  "152191740": {
    "name": "存储驻场运维",
    "salary": "8-9千",
    "welfare": [
      "1年",
      "大专",
      "服务器",
      "驻场运维",
      "计算机硬件",
      "存储",
      "华为存储",
      "五险一金",
      "专业培训"
    ],
    "region": "上海·闵行区",
    "companyname": "上海蓝正信息技术有限公司",
    "companyloge": "https://img04.51jobcdn.com/im/mkt/app/51job_phone/app/homelogo/new/home_logo_default_imnetwork.png"
  },
  "152368945": {
    "name": "IT运维",
    "salary": "8千-1.2万",
    "welfare": [
      "3-4年",
      "本科",
      "网络",
      "解决方案",
      "it",
      "服务器",
      "设备维护",
      "计算机应用",
      "监控",
      "上下架",
      "pos",
      "网络平台",
      "餐饮补贴",
      "五险一金"
    ],
    "region": "上海·黄浦区",
    "companyname": "上海猪嗲嗲餐饮管理有限公司",
    "companyloge": "https://img04.51jobcdn.com/im/mkt/app/51job_phone/app/homelogo/new/home_logo_default_catering.png"
  }
}