{
  "65988062": {
    "name": "C/C++ 高级开发工程师",
    "salary": "2-3万",
    "welfare": [
      "5-7年",
      "本科",
      "SIP",
      "",
      "C/C++",
      "软件开发",
      "设计模式",
      "开发",
      "面向对象",
      "tcp/ip",
      "GUI",
      "Linux",
      "五险一金",
      "补充医疗保险",
      "定期体检",
      "员工旅游"
    ],
    "region": "深圳·福田区",
    "companyloge": "https://img04.51jobcdn.com/im/mkt/app/51job_phone/app/homelogo/new/home_logo_default_imnetwork.png",
    "companyname": "欧蒙特电子（惠州）有限公司"
  },
  "105582864": {
    "name": "软件工程师C/C++/QT",
    "salary": "1.5-2.5万",
    "welfare": [
      "5-7年",
      "本科",
      "qt",
      "C++",
      "linux"
    ],
    "region": "珠海",
    "companyloge": "https://img01.51jobcdn.com/fansImg/CompLogo/3/2702/2701475/2701475_300.png?637021646383315258",
    "companyname": "珠海华伟电气科技股份有限公司"
  },
  "106440819": {
    "name": "C/C++开发工程师",
    "salary": "1.5-2.5万",
    "welfare": [
      "3-4年",
      "大专",
      "c++",
      "linux",
      "多线程",
      "tcp",
      "cmake",
      "python",
      "音视频流媒体",
      "服务器端",
      "开发",
      "网络配置",
      "五险一金",
      "员工旅游",
      "专业培训",
      "通讯补贴",
      "绩效奖金",
      "年终奖金",
      "定期体检"
    ],
    "region": "上海·静安区",
    "companyloge": "https://img01.51jobcdn.com/fansImg/CompLogo/3/2813/2812482/2812482_120.gif?636122948420173181",
    "companyname": "上海阅维科技股份有限公司"
  },
  "107044110": {
    "name": "高级Linux C/C++开发工程师",
    "salary": "1.6-3万",
    "welfare": [
      "3-4年",
      "本科",
      "五险一金",
      "员工旅游",
      "专业培训",
      "绩效奖金",
      "年终奖金",
      "弹性工作",
      "定期体检",
      "通讯补贴"
    ],
    "region": "上海·静安区",
    "companyloge": "https://img01.51jobcdn.com/fansImg/CompLogo/3/2813/2812482/2812482_120.gif?636122948420173181",
    "companyname": "上海阅维科技股份有限公司"
  },
  "108765556": {
    "name": "总部 系统开发工程师(c++方向）",
    "salary": "1.2-2.2万",
    "welfare": [
      "2年",
      "本科",
      "C++"
    ],
    "region": "深圳·福田区",
    "companyloge": "https://img04.51jobcdn.com/im/mkt/app/51job_phone/app/homelogo/new/home_logo_default_finance.png",
    "companyname": "招商期货有限公司"
  },
  "113034711": {
    "name": "Linux嵌入式开发工程师（C/C++）",
    "salary": "1.2-2万",
    "welfare": [
      "2年",
      "本科",
      "五险一金",
      "补充医疗保险",
      "员工旅游",
      "出国机会",
      "定期体检",
      "年终奖金",
      "餐饮补贴"
    ],
    "region": "上海",
    "companyloge": "https://img01.51jobcdn.com/fansImg/CompLogo/2/1089/1088698/1088698_300.png?636922426892518973",
    "companyname": "通维数码科技（上海）有限公司"
  },
  "115288650": {
    "name": "嵌入式C/C++软件工程师",
    "salary": "8千-1.5万",
    "welfare": [
      "1年",
      "本科",
      "餐饮补贴",
      "年终奖金",
      "定期体检",
      "五险一金",
      "交通补贴",
      "绩效奖金",
      "股票期权"
    ],
    "region": "杭州·滨江区",
    "companyloge": "https://img04.51jobcdn.com/im/mkt/app/51job_phone/app/homelogo/new/home_logo_default_software.png",
    "companyname": "杭州晨鹰军泰科技有限公司"
  },
  "116333766": {
    "name": "C/C++软件工程师（年终奖+双休+补贴）",
    "salary": "1.5-3万",
    "welfare": [
      "1年",
      "本科",
      "软件工程师",
      "软件开发",
      "软件",
      "c++",
      "嵌入式",
      "linux",
      "珠江新城",
      "体育西",
      "五险一金",
      "定期体检",
      "员工旅游"
    ],
    "region": "广州·天河区",
    "companyloge": "https://img04.51jobcdn.com/im/mkt/app/51job_phone/app/homelogo/home_logo_default.png",
    "companyname": "广州中科伏瑞电气技术有限公司"
  },
  "124052211": {
    "name": "C++开发工程师",
    "salary": "1-1.5万",
    "welfare": [
      "2年",
      "大专",
      "C++",
      "软件",
      "软件开发",
      "软件工程师",
      "五险一金",
      "员工旅游",
      "年终奖金",
      "绩效奖金",
      "年度旅游",
      "发展空间大",
      "下午茶",
      "公司团建",
      "灵活调薪",
      "节日福利"
    ],
    "region": "深圳·南山区",
    "companyloge": "https://img04.51jobcdn.com/im/mkt/app/51job_phone/app/homelogo/new/home_logo_default_software.png",
    "companyname": "深圳市睿德网络科技有限公司"
  },
  "124665659": {
    "name": "C/C++开发工程师",
    "salary": "1.5-1.8万·14薪",
    "welfare": [
      "2年",
      "本科",
      "开发工程师",
      "五险一金",
      "员工旅游",
      "交通补贴",
      "通讯补贴",
      "年终奖金",
      "定期体检",
      "绩效奖金",
      "家属健康津贴"
    ],
    "region": "南通·崇川区",
    "companyloge": "https://img01.51jobcdn.com/fansImg/CompLogo/5/4113/4112903/4112903_120.gif?636143909745429575",
    "companyname": "上海泽鑫电力科技股份有限公司"
  },
  "124705212": {
    "name": "C/C++开发工程师(自研GUI平台)",
    "salary": "1.3-2.5万·13薪",
    "welfare": [
      "2年",
      "本科",
      "GUI",
      "图像处理",
      "图形化编程",
      "QT",
      "MFC",
      "引擎",
      "编辑器",
      "跨平台",
      "组态软件",
      "数据结构",
      "五险一金",
      "周末双休",
      "定期体检",
      "公司食堂",
      "免费班车",
      "婚育补贴",
      "团建经费",
      "绩效奖金",
      "年终奖金",
      "专业培训"
    ],
    "region": "广州·天河区",
    "companyloge": "https://img01.51jobcdn.com/fansImg/CompLogo/1/933/932305/932305_300.png?637829517023984527",
    "companyname": "广州致远电子股份有限公司"
  },
  "124888760": {
    "name": "软件工程师（C/C++）",
    "salary": "1.8-2.5万",
    "welfare": [
      "2年",
      "本科",
      "软件",
      "驱动开发",
      "五险一金",
      "绩效奖金",
      "年终奖金",
      "员工旅游"
    ],
    "region": "深圳·南山区",
    "companyloge": "https://img04.51jobcdn.com/im/mkt/app/51job_phone/app/homelogo/new/home_logo_default_imnetwork.png",
    "companyname": "深圳市易赛通信技术有限公司"
  },
  "126512344": {
    "name": "C/C++软件工程师（应届生）",
    "salary": "6千-1.2万",
    "welfare": [
      "无需经验",
      "本科",
      "软件",
      "五险一金",
      "定期体检",
      "员工旅游",
      "补充公积金",
      "绩效奖金",
      "免费班车",
      "餐饮补贴"
    ],
    "region": "惠州·惠城区",
    "companyloge": "https://img01.51jobcdn.com/fansImg/CompLogo/2/1545/1544836/1544836_300.png?637225467623410197",
    "companyname": "伟乐视讯科技股份有限公司"
  },
  "128301697": {
    "name": "C++开发工程师",
    "salary": "6千-1万",
    "welfare": [
      "2年",
      "本科",
      "C++",
      "游戏后端开发",
      "五险一金",
      "交通补贴",
      "餐饮补贴",
      "年终奖金"
    ],
    "region": "泰州·海陵区",
    "companyloge": "https://img01.51jobcdn.com/fansImg/CompLogo/7/6146/6145778/67373500940199142815_300.png?1692064068984",
    "companyname": "泰州城市网络有限公司"
  },
  "128506455": {
    "name": "C++/C开发工程师",
    "salary": "2-4万·16薪",
    "welfare": [
      "1年",
      "本科",
      "C++",
      "C",
      "五险一金",
      "绩效奖金",
      "年终奖金",
      "带薪年假",
      "定期体检",
      "500强",
      "核心业务"
    ],
    "region": "武汉",
    "companyloge": "https://img01.51jobcdn.com/fansImg/CompLogo/1/155/154736/154736_120.gif?635700459669088422",
    "companyname": "华为技术有限公司"
  },
  "130211912": {
    "name": "C++开发工程师",
    "salary": "1-1.5万",
    "welfare": [
      "2年",
      "本科",
      "C++",
      "五险一金",
      "员工旅游",
      "定期体检",
      "餐饮补贴",
      "交通补贴",
      "通讯补贴"
    ],
    "region": "上海",
    "companyloge": "https://img04.51jobcdn.com/im/mkt/app/51job_phone/app/homelogo/new/home_logo_default_software.png",
    "companyname": "上海博为峰信息技术有限公司"
  },
  "130310450": {
    "name": "C++开发工程师",
    "salary": "10-20万/年",
    "welfare": [
      "3-4年",
      "本科",
      "c++",
      "密码学",
      "周末双休",
      "五险一金",
      "PKI",
      "五险一金",
      "员工旅游",
      "餐饮补贴",
      "年终奖金",
      "定期体检"
    ],
    "region": "武汉·武昌区",
    "companyloge": "https://img01.51jobcdn.com/fansImg/CompLogo/2/1511/1510404/1651127063499_300.jpeg?1651127080546",
    "companyname": "湖北省数字证书认证管理中心有限公司"
  },
  "132496670": {
    "name": "C++软件工程师",
    "salary": "1-2万",
    "welfare": [
      "2年",
      "本科",
      "C/C++",
      "linux",
      "C++",
      "MFC",
      "QT",
      "五险一金",
      "员工旅游",
      "餐饮补贴",
      "年终奖金",
      "定期体检",
      "项目奖金",
      "带薪年假",
      "节日福利",
      "补充医疗保险"
    ],
    "region": "西安",
    "companyloge": "https://img04.51jobcdn.com/im/mkt/app/51job_phone/app/homelogo/new/home_logo_default_software.png",
    "companyname": "江苏锐天智能科技股份有限公司西安分公司"
  },
  "133671556": {
    "name": "C/C++ 开发工程师",
    "salary": "1.5-2.5万",
    "welfare": [
      "3-4年",
      "本科",
      "C++",
      "五险一金",
      "餐饮补贴",
      "通讯补贴",
      "专业培训",
      "绩效奖金",
      "年终奖金",
      "定期体检"
    ],
    "region": "上海",
    "companyloge": "https://img04.51jobcdn.com/im/mkt/app/51job_phone/app/homelogo/new/home_logo_default_mech.png",
    "companyname": "上海嘉成轨道交通安全保障系统股份公司"
  },
  "133952906": {
    "name": "C/C++开发工程师-北京",
    "salary": "1-1.5万",
    "welfare": [
      "2年",
      "本科",
      "五险一金",
      "餐饮补贴",
      "定期体检",
      "年终奖金"
    ],
    "region": "北京",
    "companyloge": "https://img04.51jobcdn.com/im/mkt/app/51job_phone/app/homelogo/new/home_logo_default_software.png",
    "companyname": "中电福富信息科技有限公司"
  },
  "134188675": {
    "name": "C/C++软件开发工程师",
    "salary": "1.8-3.6万",
    "welfare": [
      "3-4年",
      "本科",
      "C++",
      "五险一金",
      "补充医疗保险",
      "交通补贴",
      "餐饮补贴",
      "通讯补贴",
      "绩效奖金",
      "年终奖金",
      "弹性工作",
      "定期体检"
    ],
    "region": "西安·雁塔区",
    "companyloge": "https://img04.51jobcdn.com/im/mkt/app/51job_phone/app/homelogo/new/home_logo_default_imnetwork.png",
    "companyname": "北京长焜科技有限公司"
  },
  "134570760": {
    "name": "C/C++软件开发工程师",
    "salary": "25-35万/年",
    "welfare": [
      "2年",
      "本科",
      "五险一金",
      "员工旅游",
      "餐饮补贴",
      "通讯补贴",
      "绩效奖金",
      "定期体检"
    ],
    "region": "上海·徐汇区",
    "companyloge": "https://img04.51jobcdn.com/im/mkt/app/51job_phone/app/homelogo/new/home_logo_default_auto.png",
    "companyname": "上海仁童电子科技有限公司"
  },
  "135470302": {
    "name": "高级软件开发工程师（c++\\qt）",
    "salary": "2.5-3.5万",
    "welfare": [
      "5-7年",
      "本科",
      "c++",
      "qt",
      "网络编程",
      "网络云",
      "机器视觉",
      "五险一金",
      "年终奖金",
      "包食宿",
      "带薪年假",
      "企业前景好",
      "环境优美",
      "节日福利"
    ],
    "region": "东莞·长安镇",
    "companyloge": "https://img01.51jobcdn.com/fansImg/CompLogo/3/2569/2568943/2568943_300.png?637496000353277629",
    "companyname": "广东奥普特科技股份有限公司"
  },
  "135471026": {
    "name": "C++开发工程师",
    "salary": "1.5-2.5万·14薪",
    "welfare": [
      "3-4年",
      "本科",
      "C++",
      "五险一金",
      "餐饮补贴",
      "通讯补贴",
      "补充公积金",
      "员工旅游",
      "交通补贴",
      "年终奖金",
      "绩效奖金",
      "股票期权",
      "定期体检"
    ],
    "region": "杭州·余杭区",
    "companyloge": "https://img04.51jobcdn.com/im/mkt/app/51job_phone/app/homelogo/new/home_logo_default_software.png",
    "companyname": "杭州智诺科技股份有限公司"
  },
  "135916706": {
    "name": "C++开发工程师",
    "salary": "1.3-2.5万",
    "welfare": [
      "3-4年",
      "本科",
      "年终奖金",
      "绩效奖金",
      "餐饮补贴",
      "交通补贴",
      "通讯补贴",
      "15薪"
    ],
    "region": "深圳·罗湖区",
    "companyloge": "https://img01.51jobcdn.com/fansImg/CompLogo/1/142/141361/141361_120.gif?635700457677410888",
    "companyname": "中兴新通讯有限公司"
  },
  "136704821": {
    "name": "LINUX/C开发工程师",
    "salary": "1.5-2万",
    "welfare": [
      "5-7年",
      "本科",
      "软件开发",
      "工程师",
      "c语言",
      "软件",
      "软件工程师",
      "员工旅游",
      "交通补贴",
      "餐饮补贴",
      "年终奖金"
    ],
    "region": "成都·高新区",
    "companyloge": "https://img01.51jobcdn.com/fansImg/CompLogo/4/3017/3016366/3016366_300.png?636905927128394881",
    "companyname": "成都数维通信技术有限公司"
  },
  "137190080": {
    "name": "C++开发工程师",
    "salary": "1.3-2万·13薪",
    "welfare": [
      "3-4年",
      "本科",
      "C++",
      "linux",
      "socket编程",
      "高并发",
      "IO"
    ],
    "region": "上海·浦东新区",
    "companyloge": "https://img01.51jobcdn.com/fansImg/CompLogo/6/5069/5068272/5068272_300.jpg?636637875376867145",
    "companyname": "创趋科技（上海）股份有限公司"
  },
  "137244596": {
    "name": "C/C++ 开发工程师",
    "salary": "1.5-2万",
    "welfare": [
      "2年",
      "本科",
      "C",
      "C++",
      "软件开发",
      "无线",
      "DMR",
      "TETRA",
      "MOTO",
      "Hytera",
      "FreeSWITCH",
      "Asterisk",
      "五险一金",
      "绩效奖金",
      "专业培训",
      "员工旅游",
      "出国机会",
      "年终奖金",
      "通讯补贴"
    ],
    "region": "深圳·罗湖区",
    "companyloge": "https://img01.51jobcdn.com/fansImg/CompLogo/5/4195/4194823/4194823_120.gif?636203560209040959",
    "companyname": "中瑞科技术有限公司"
  },
  "138164183": {
    "name": "软件工程师Python/Linux/C/C++/Pipeline TD工程师",
    "salary": "10-11万/年",
    "welfare": [
      "5-7年",
      "本科",
      "Pipeline",
      "TD",
      "软件工程师",
      "python",
      "C++",
      "软件开发",
      "软件",
      "五险一金",
      "专业培训",
      "出国机会",
      "绩效奖金",
      "年终奖金"
    ],
    "region": "武汉·洪山区",
    "companyloge": "https://img01.51jobcdn.com/fansImg/CompLogo/5/4004/4003572/4003572_120.gif?636256988799654765",
    "companyname": "太崆动漫（武汉）有限公司"
  },
  "138590045": {
    "name": "C/C++软件工程师",
    "salary": "1-1.5万",
    "welfare": [
      "2年",
      "本科",
      "五险一金",
      "周末双休",
      "带薪年假",
      "年终奖金",
      "定期体检",
      "免费员工餐",
      "免费班车"
    ],
    "region": "西安·西咸新区",
    "companyloge": "https://img01.51jobcdn.com/fansImg/CompLogo/1/219/218337/218337_300.png?637292961117285160",
    "companyname": "航天亮丽电气有限责任公司"
  },
  "138720323": {
    "name": "嵌入式软件开发工程师",
    "salary": "2-3万·14薪",
    "welfare": [
      "5-7年",
      "本科",
      "Linux",
      "嵌入式软件",
      "周末双休",
      "带薪年假",
      "住房补贴",
      "节日福利",
      "包吃",
      "生日礼品",
      "免费旅游",
      "交通补贴",
      "五险"
    ],
    "region": "东莞·寮步镇",
    "companyloge": "https://img01.51jobcdn.com/fansImg/CompLogo/3/2837/2836195/2836195_300.jpg?636917102214900515",
    "companyname": "国邦协同科技（广东）有限公司"
  },
  "138782672": {
    "name": "C++开发工程师",
    "salary": "2-3.5万",
    "welfare": [
      "5-7年",
      "本科",
      "C++",
      "软件工程师",
      "软件开发",
      "软件",
      "c++",
      "c",
      "嵌入式",
      "linux",
      "五险一金",
      "餐饮补贴",
      "交通补贴",
      "绩效奖金",
      "年终奖金",
      "股票期权"
    ],
    "region": "南京·江北新区",
    "companyloge": "https://img04.51jobcdn.com/im/mkt/app/51job_phone/app/homelogo/new/home_logo_default_instrumentation.png",
    "companyname": "众仓机器人（南京）有限公司"
  },
  "139156260": {
    "name": "linux C开发工程师",
    "salary": "1-1.5万",
    "welfare": [
      "3-4年",
      "本科",
      "c",
      "员工旅游",
      "交通补贴",
      "餐饮补贴",
      "年终奖金",
      "全勤奖",
      "周末双休",
      "节日福利",
      "通讯补贴"
    ],
    "region": "成都·武侯区",
    "companyloge": "https://img01.51jobcdn.com/fansImg/CompLogo/4/3017/3016366/3016366_300.png?636905927128394881",
    "companyname": "成都数维通信技术有限公司"
  },
  "139490001": {
    "name": "c/c++软件开发工程师(数据服务类)",
    "salary": "8千-1.5万",
    "welfare": [
      "1年",
      "本科",
      "五险一金",
      "餐饮补贴",
      "定期体检",
      "绩效奖金",
      "年终奖金",
      "弹性工作",
      "员工旅游",
      "专业培训",
      "通讯补贴"
    ],
    "region": "西安·长安区",
    "companyloge": "https://img01.51jobcdn.com/fansImg/CompLogo/3/2716/2715832/2715832_300.png?636645646231153579",
    "companyname": "浙江宇视科技有限公司"
  },
  "139579995": {
    "name": "C++高级软件工程师",
    "salary": "1.3-2.5万",
    "welfare": [
      "3-4年",
      "本科",
      "C++",
      "MFC",
      "QT",
      "Linux",
      "Python",
      "C",
      "五险一金",
      "员工旅游",
      "餐饮补贴",
      "年终奖金",
      "定期体检",
      "周末双休",
      "带薪年假",
      "节日福利",
      "补充医疗保险"
    ],
    "region": "西安",
    "companyloge": "https://img04.51jobcdn.com/im/mkt/app/51job_phone/app/homelogo/new/home_logo_default_software.png",
    "companyname": "江苏锐天智能科技股份有限公司西安分公司"
  },
  "140629461": {
    "name": "C++工程师",
    "salary": "1-2万·15薪",
    "welfare": [
      "3-4年",
      "本科",
      "c++",
      "linux",
      "windows",
      "定期体检",
      "年终奖金",
      "五险",
      "高温补贴",
      "带薪年假",
      "公司团建",
      "节日福利"
    ],
    "region": "杭州·拱墅区",
    "companyloge": "https://img01.51jobcdn.com/fansImg/CompLogo/7/6239/6238250/6238250_300.jpg?637602169660264123",
    "companyname": "杭州寰宇微视科技有限公司"
  },
  "141004912": {
    "name": "C/C++开发工程师",
    "salary": "1-2万",
    "welfare": [
      "3-4年",
      "大专",
      "c++",
      "linux",
      "开发",
      "五险一金",
      "员工旅游",
      "餐饮补贴",
      "通讯补贴",
      "绩效奖金",
      "年终奖金",
      "周末双休"
    ],
    "region": "广州·天河区",
    "companyloge": "https://img01.51jobcdn.com/fansImg/CompLogo/4/3799/3798263/3798263_300.png?637729271318207891",
    "companyname": "广州智臣信息科技有限公司"
  },
  "141179669": {
    "name": "C++开发工程师",
    "salary": "1.5-2.5万",
    "welfare": [
      "3-4年",
      "本科",
      "年终奖金",
      "绩效奖金",
      "餐饮补贴",
      "交通补贴",
      "通讯补贴",
      "15薪"
    ],
    "region": "深圳",
    "companyloge": "https://img01.51jobcdn.com/fansImg/CompLogo/1/142/141361/141361_120.gif?635700457677410888",
    "companyname": "中兴新通讯有限公司"
  },
  "141179999": {
    "name": "C++开发工程师",
    "salary": "1.5-2.5万·15薪",
    "welfare": [
      "3-4年",
      "本科",
      "年终奖金",
      "绩效奖金",
      "餐饮补贴",
      "交通补贴",
      "通讯补贴",
      "15薪"
    ],
    "region": "武汉",
    "companyloge": "https://img01.51jobcdn.com/fansImg/CompLogo/1/142/141361/141361_120.gif?635700457677410888",
    "companyname": "中兴新通讯有限公司"
  },
  "142197231": {
    "name": "C/C++开发工程师",
    "salary": "1.2-2.2万",
    "welfare": [
      "2年",
      "本科",
      "c++",
      "linux",
      "数据库",
      "多线程",
      "socket",
      "五险一金",
      "年终奖金",
      "节假日福利"
    ],
    "region": "上海·浦东新区",
    "companyloge": "https://img01.51jobcdn.com/fansImg/CompLogo/6/5069/5068272/5068272_300.jpg?636637875376867145",
    "companyname": "创趋科技（上海）股份有限公司"
  },
  "142211925": {
    "name": "嵌入式c/c++软件开发工程师",
    "salary": "1-2万·13薪",
    "welfare": [
      "1年",
      "本科",
      "C++",
      "嵌入式",
      "软件工程师",
      "补充医疗保险",
      "员工旅游",
      "年终奖金",
      "出国机会",
      "弹性工作",
      "定期体检",
      "五险一金",
      "股票期权"
    ],
    "region": "苏州·苏州工业园区",
    "companyloge": "https://img01.51jobcdn.com/fansImg/CompLogo/3/2995/2994366/2994366_300.png?637584084357199587",
    "companyname": "苏州振旺光电有限公司"
  },
  "142474556": {
    "name": "C++软件开发工程师",
    "salary": "1-1.5万·13薪",
    "welfare": [
      "2年",
      "本科",
      "c++",
      "linux",
      "QT",
      "五险一金",
      "员工旅游",
      "专业培训",
      "年终奖金",
      "弹性工作",
      "丰厚过节费",
      "周末双休",
      "年休假"
    ],
    "region": "武汉·洪山区",
    "companyloge": "https://img01.51jobcdn.com/fansImg/CompLogo/3/2503/2502189/2502189_120.gif?635773961203850838",
    "companyname": "武汉思非电子技术有限公司"
  },
  "142767760": {
    "name": "c/c++开发工程师0935",
    "salary": "1-1.5万",
    "welfare": [
      "2年",
      "本科",
      "c++",
      "多线程",
      "linux",
      "gcc",
      "gdb",
      "通信开发",
      "五险一金",
      "员工旅游",
      "股票期权",
      "弹性工作",
      "年终奖金",
      "定期体检"
    ],
    "region": "桂林",
    "companyloge": "https://img01.51jobcdn.com/fansImg/CompLogo/3/2111/2110229/2110229_300.png?637559829316674985",
    "companyname": "深圳震有科技股份有限公司"
  },
  "143535519": {
    "name": "C/C++开发工程师",
    "salary": "1.4-1.8万",
    "welfare": [
      "3-4年",
      "本科",
      "c++",
      "linux",
      "QT",
      "GTK",
      "VS",
      "五险一金",
      "员工旅游",
      "定期体检",
      "生日福利",
      "春节路费报销",
      "法定节假日",
      "祝寿礼金",
      "过节费"
    ],
    "region": "深圳·南山区",
    "companyloge": "https://img01.51jobcdn.com/fansImg/CompLogo/2/1431/1430329/1430329_120.gif?635779094849776281",
    "companyname": "深圳市紫川软件有限公司"
  },
  "144709925": {
    "name": "C/C++开发工程师",
    "salary": "2-3万",
    "welfare": [
      "5-7年",
      "本科",
      "c++",
      "数据库",
      "交通行业",
      "系统架构搭建",
      "串口通信",
      "数据结构",
      "软件模块",
      "socket通信",
      "五险一金",
      "员工旅游",
      "定期体检"
    ],
    "region": "上海·浦东新区",
    "companyloge": "https://img01.51jobcdn.com/fansImg/CompLogo/4/3391/3390215/13925225477058905698_300.png?1686719129400",
    "companyname": "擎翌（上海）智能科技有限公司"
  },
  "144711841": {
    "name": "C/C++软件工程师",
    "salary": "8-15万/年",
    "welfare": [
      "2年",
      "本科",
      "数据库",
      "c++",
      "数据库编程",
      "密码学",
      "信息安全",
      "python编程",
      "多线程",
      "五险一金",
      "补充公积金",
      "免费班车",
      "交通补贴",
      "餐饮补贴",
      "通讯补贴",
      "绩效奖金",
      "年终奖金",
      "定期体检"
    ],
    "region": "无锡",
    "companyloge": "https://img04.51jobcdn.com/im/mkt/app/51job_phone/app/homelogo/new/home_logo_default_elect.png",
    "companyname": "无锡江南计算技术研究所"
  },
  "144867733": {
    "name": "c++开发工程师",
    "salary": "1.5-3万·13薪",
    "welfare": [
      "3-4年",
      "本科",
      "c++",
      "软件开发",
      "windows",
      "计算机视觉",
      "计算机软件",
      "周末双休",
      "带薪年假",
      "五险一金",
      "全勤奖",
      "定期体检",
      "员工旅游",
      "年终奖金"
    ],
    "region": "上海·静安区",
    "companyloge": "https://img01.51jobcdn.com/fansImg/CompLogo/5/4435/4434153/4434153_300.jpg?637381996998872383",
    "companyname": "上海青瞳视觉科技有限公司"
  },
  "144891618": {
    "name": "C++软件开发工程师",
    "salary": "1.5-3万",
    "welfare": [
      "3-4年",
      "本科",
      "软件",
      "软件开发",
      "计算机",
      "工程师",
      "C++",
      "C",
      "QT",
      "五险一金",
      "专业培训",
      "餐饮补贴",
      "交通补贴",
      "绩效奖金",
      "年终奖金",
      "带薪年假",
      "岗位晋升",
      "外派津贴",
      "股票期权"
    ],
    "region": "宁波·鄞州区",
    "companyloge": "https://img01.51jobcdn.com/fansImg/CompLogo/6/5372/5371763/85513252092593564678_300.png?1663294928493",
    "companyname": "宁波联方电子科技有限公司"
  },
  "144974096": {
    "name": "C/C++开发工程师",
    "salary": "1.8-2万",
    "welfare": [
      "5-7年",
      "本科",
      "linux",
      "oracle",
      "mysql",
      "c语言开发",
      "支付系统",
      "银行",
      "五险一金",
      "年假",
      "交通补贴",
      "餐饮补贴"
    ],
    "region": "上海·浦东新区",
    "companyloge": "https://img04.51jobcdn.com/im/mkt/app/51job_phone/app/homelogo/new/home_logo_default_software.png",
    "companyname": "上海畅博越众科技有限公司"
  },
  "145129048": {
    "name": "C++网络开发工程师-研发中心（大连）",
    "salary": "1.3-2.6万",
    "welfare": [
      "3-4年",
      "本科",
      "c++",
      "网络开发",
      "网络驱动",
      "linux",
      "五险一金",
      "餐饮补贴",
      "年终奖金",
      "定期体检",
      "专业培训"
    ],
    "region": "大连",
    "companyloge": "https://img04.51jobcdn.com/im/mkt/app/51job_phone/app/homelogo/new/home_logo_default_pluralistic.png",
    "companyname": "珠海奔图电子有限公司"
  },
  "145323170": {
    "name": "QT/C++ 软件工程师",
    "salary": "1.5-2.5万",
    "welfare": [
      "3-4年",
      "本科",
      "c++",
      "五险一金",
      "全勤奖",
      "专业培训",
      "免费班车",
      "餐饮补贴",
      "绩效奖金"
    ],
    "region": "深圳·光明区",
    "companyloge": "https://img01.51jobcdn.com/fansImg/CompLogo/2/1501/1500397/1500397_300.jpg?637432910715462341",
    "companyname": "深圳市吉斯迪科技有限公司"
  },
  "145324521": {
    "name": "C/C++中级工程师（4A-PAM产品）",
    "salary": "1-2万",
    "welfare": [
      "3-4年",
      "本科",
      "linux",
      "c++",
      "编程",
      "多线程编程",
      "异步编程",
      "网络编程",
      "python",
      "五险一金",
      "补充医疗保险",
      "补充公积金",
      "交通补贴",
      "年终奖金"
    ],
    "region": "成都·武侯区",
    "companyloge": "https://img04.51jobcdn.com/im/mkt/app/51job_phone/app/homelogo/new/home_logo_default_software.png",
    "companyname": "格尔软件股份有限公司"
  },
  "145357334": {
    "name": "网关设备开发工程师（C/C++、dpdk）",
    "salary": "1.2-2.4万·14薪",
    "welfare": [
      "1年",
      "本科",
      "c++",
      "网络设备开发",
      "dpdk",
      "五险一金",
      "餐饮补贴",
      "通讯补贴",
      "专业培训",
      "绩效奖金",
      "年终奖金",
      "股票期权"
    ],
    "region": "杭州·滨江区",
    "companyloge": "https://img01.51jobcdn.com/fansImg/CompLogo/7/6964/6963374/192767487739415948945_300.png?1674020411761",
    "companyname": "浙江远望信息股份有限公司"
  },
  "145449175": {
    "name": "C++开发工程师",
    "salary": "8千-1.6万",
    "welfare": [
      "3-4年",
      "本科",
      "c++",
      "linux内核",
      "windows",
      "核心编程",
      "网络协议栈",
      "tcp/ip",
      "内存管理",
      "进程线程调度",
      "五险一金",
      "周末双休",
      "绩效奖金",
      "全勤奖",
      "年终奖金",
      "弹性工作",
      "专业培训",
      "员工旅游"
    ],
    "region": "西安·高新技术产业开发区",
    "companyloge": "https://img01.51jobcdn.com/fansImg/CompLogo/6/5608/5607688/21603294501541350894_300.png?1676346990134",
    "companyname": "网际软件（西安）有限公司"
  },
  "145603409": {
    "name": "C/C++工程师",
    "salary": "1.2-1.8万·15薪",
    "welfare": [
      "2年",
      "本科",
      "linux",
      "c++",
      "shell",
      "软件开发",
      "c11",
      "python",
      "datasheet",
      "仪器仪表",
      "网络通信",
      "通讯",
      "五险一金",
      "专业培训",
      "绩效奖金",
      "年终奖金",
      "股票期权",
      "弹性工作",
      "定期体检",
      "扁平管理",
      "带薪年假",
      "调休假"
    ],
    "region": "杭州",
    "companyloge": "https://img01.51jobcdn.com/fansImg/CompLogo/7/6139/6138732/6138732_300.png?637395596158288828",
    "companyname": "杭州加速科技有限公司"
  },
  "145655175": {
    "name": "自动控制软件工程师",
    "salary": "20-40万/年",
    "welfare": [
      "3-4年",
      "本科",
      "软件开发",
      "c++",
      "自动控制",
      "惯性导航",
      "飞行控制",
      "自动驾驶开发",
      "五险一金",
      "年终奖金",
      "定期体检",
      "弹性工作"
    ],
    "region": "南京·江宁区",
    "companyloge": "https://img04.51jobcdn.com/im/mkt/app/51job_phone/app/homelogo/new/home_logo_default_imnetwork.png",
    "companyname": "南京软赫电子科技有限公司"
  },
  "145773610": {
    "name": "C++初级开发工程师",
    "salary": "1-2万·13薪",
    "welfare": [
      "3-4年",
      "本科",
      "c++",
      "分布式系统",
      "五险一金",
      "补充医疗保险",
      "员工旅游",
      "弹性工作",
      "定期体检",
      "绩效奖金",
      "餐饮补贴",
      "年终奖金"
    ],
    "region": "深圳·南山区",
    "companyloge": "https://img01.51jobcdn.com/fansImg/CompLogo/8/7528/7527208/164946628444329928257_300.png?1672128454237",
    "companyname": "贝格迈思（深圳）技术有限公司"
  },
  "145796302": {
    "name": "C++中高级开发工程师",
    "salary": "2.5-3.5万·14薪",
    "welfare": [
      "8-9年",
      "本科",
      "c++",
      "数据库",
      "五险一金",
      "员工旅游",
      "年终奖金",
      "定期体检",
      "股票期权",
      "婚育津贴",
      "培训补贴"
    ],
    "region": "北京·朝阳区",
    "companyloge": "https://img01.51jobcdn.com/fansImg/CompLogo/5/4737/4736798/4736798_300.jpg?637485495891421718",
    "companyname": "上海英方软件股份有限公司"
  },
  "145868268": {
    "name": "C++中高级开发工程师（QT）",
    "salary": "1.2-2.4万·13薪",
    "welfare": [
      "3-4年",
      "本科",
      "仿真开发",
      "游戏开发",
      "系统设计",
      "代码质量",
      "图表",
      "设计模式",
      "编程",
      "多线程",
      "gis开发",
      "stl",
      "五险一金",
      "交通补贴",
      "餐饮补贴",
      "通讯补贴",
      "绩效奖金",
      "年终奖金",
      "定期体检"
    ],
    "region": "成都·武侯区",
    "companyloge": "https://img04.51jobcdn.com/im/mkt/app/51job_phone/app/homelogo/new/home_logo_default_software.png",
    "companyname": "四川新维天海科技有限公司"
  },
  "145928820": {
    "name": "C++软件开发工程师",
    "salary": "1.5-2.5万",
    "welfare": [
      "2年",
      "本科",
      "c++",
      "嵌入式",
      "嵌入式linux",
      "应用软件开发",
      "tcp",
      "ip",
      "五险一金",
      "定期体检"
    ],
    "region": "重庆·渝北区",
    "companyloge": "https://img01.51jobcdn.com/fansImg/CompLogo/5/4945/4944794/4944794_300.jpg?636590434067863453",
    "companyname": "深圳市麦斯杰网络有限公司"
  },
  "145941319": {
    "name": "C++开发工程师(J10222)",
    "salary": "1.8-3万",
    "welfare": [
      "5-7年",
      "本科",
      "物联网",
      "C++",
      "五险一金",
      "免费班车",
      "员工旅游",
      "专业培训",
      "出国机会",
      "年终奖金",
      "免费用餐"
    ],
    "region": "苏州·苏州工业园区",
    "companyloge": "https://img04.51jobcdn.com/im/mkt/app/51job_phone/app/homelogo/new/home_logo_default_elect.png",
    "companyname": "苏州华兴源创科技股份有限公司"
  },
  "146017275": {
    "name": "C/C++开发工程师",
    "salary": "1-2万",
    "welfare": [
      "1年",
      "硕士",
      "五险一金",
      "年终奖金"
    ],
    "region": "金华·金东区",
    "companyloge": "https://img01.51jobcdn.com/fansImg/CompLogo/4/3960/3959219/3959219_300.jpg?636725218852023046",
    "companyname": "杭州听物科技有限公司"
  },
  "146309363": {
    "name": "C++开发工程师",
    "salary": "2-3.9万·13薪",
    "welfare": [
      "3-4年",
      "本科",
      "c++",
      "多线程",
      "计算机科学",
      "计算机视觉",
      "sdk",
      "java",
      "软件工程",
      "数据库系统",
      "计算机软件",
      "五险一金",
      "年终奖金",
      "员工旅游",
      "定期体检"
    ],
    "region": "上海·静安区",
    "companyloge": "https://img01.51jobcdn.com/fansImg/CompLogo/5/4435/4434153/4434153_300.jpg?637381996998872383",
    "companyname": "上海青瞳视觉科技有限公司"
  },
  "146499180": {
    "name": "C/C++开发工程师",
    "salary": "1.3-2.5万",
    "welfare": [
      "3-4年",
      "本科",
      "docker",
      "k8s",
      "多线程",
      "软件开发",
      "linux",
      "五险一金",
      "年终奖金",
      "交通补贴",
      "餐饮补贴",
      "弹性工作",
      "定期体检",
      "通讯补贴",
      "专业培训"
    ],
    "region": "北京·朝阳区",
    "companyloge": "https://img01.51jobcdn.com/fansImg/CompLogo/1/299/299000/299000_300.jpg?636874664947195199",
    "companyname": "新华三技术有限公司"
  },
  "146820787": {
    "name": "C/C++后端软件工程师",
    "salary": "1-1.5万·13薪",
    "welfare": [
      "2年",
      "本科",
      "c++",
      "软件开发",
      "数据库",
      "tcp/ip",
      "redis",
      "mysql",
      "linux",
      "文档系统",
      "周末双休",
      "社保",
      "年终奖金",
      "绩效奖金",
      "节日福利",
      "带薪假期",
      "意外保险",
      "团队活动"
    ],
    "region": "长沙",
    "companyloge": "https://img04.51jobcdn.com/im/mkt/app/51job_phone/app/homelogo/new/home_logo_default_elect.png",
    "companyname": "长沙天穹电子科技有限公司"
  },
  "146844370": {
    "name": "C/C++开发工程师",
    "salary": "1.5-2.5万·13薪",
    "welfare": [
      "3-4年",
      "本科",
      "linux",
      "c++",
      "qt",
      "项目开发",
      "五险一金",
      "补充医疗保险",
      "补充公积金",
      "年终奖金"
    ],
    "region": "深圳·坪山区",
    "companyloge": "https://img04.51jobcdn.com/im/mkt/app/51job_phone/app/homelogo/new/home_logo_default_medicalequipment.png",
    "companyname": "深圳市诺然美泰科技股份有限公司"
  },
  "147077843": {
    "name": "C/C++开发工程师",
    "salary": "1.1-1.8万·13薪",
    "welfare": [
      "3-4年",
      "本科",
      "C++",
      "C语言",
      "qt",
      "Linux",
      "五险一金",
      "餐饮补贴",
      "交通补贴",
      "绩效奖金",
      "通讯补贴",
      "周末双休",
      "法定假日休",
      "带薪年假"
    ],
    "region": "大连·中山区",
    "companyloge": "https://img01.51jobcdn.com/fansImg/CompLogo/5/4108/4107849/4107849_300.png?636794471398779467",
    "companyname": "南京维科通信有限公司"
  },
  "147341119": {
    "name": "高级C++研发工程师（武研所）",
    "salary": "2-4万",
    "welfare": [
      "5-7年",
      "本科",
      "五险一金",
      "年终奖金",
      "岗位晋升",
      "专业培训",
      "节日福利"
    ],
    "region": "武汉·洪山区",
    "companyloge": "https://img01.51jobcdn.com/fansImg/CompLogo/8/7720/7719557/245041015521618342175_300.png?1680137882160",
    "companyname": "深圳市同为数码科技股份有限公司武汉分公司"
  },
  "147515061": {
    "name": "Linux软件开发工程师",
    "salary": "1-1.8万·13薪",
    "welfare": [
      "5-7年",
      "本科",
      "五险一金",
      "补充医疗保险",
      "专业培训",
      "免费工作餐",
      "员工旅游",
      "绩效奖金",
      "通讯补贴",
      "定期体检",
      "年终奖金"
    ],
    "region": "无锡·新吴区",
    "companyloge": "https://img04.51jobcdn.com/im/mkt/app/51job_phone/app/homelogo/home_logo_default.png",
    "companyname": "江苏三联生物工程股份有限公司"
  },
  "147654850": {
    "name": "Linux C/C++高级软件工程师（网络方向）",
    "salary": "1.5-2.3万",
    "welfare": [
      "5-7年",
      "本科",
      "五险一金",
      "专业培训"
    ],
    "region": "西安·雁塔区",
    "companyloge": "https://img04.51jobcdn.com/im/mkt/app/51job_phone/app/homelogo/new/home_logo_default_software.png",
    "companyname": "格尔软件股份有限公司"
  },
  "147656486": {
    "name": "C++高级软件工程师（桌面方向）",
    "salary": "1.5-2.3万",
    "welfare": [
      "5-7年",
      "本科",
      "五险一金",
      "专业培训"
    ],
    "region": "西安·雁塔区",
    "companyloge": "https://img04.51jobcdn.com/im/mkt/app/51job_phone/app/homelogo/new/home_logo_default_software.png",
    "companyname": "格尔软件股份有限公司"
  },
  "147864734": {
    "name": "C/C++高级软件开发工程师",
    "salary": "2-2.5万·13薪",
    "welfare": [
      "1年",
      "硕士",
      "linux",
      "测试",
      "c++",
      "软件开发",
      "集成维护",
      "文档撰写",
      "cmake",
      "五险一金",
      "补充医疗保险",
      "员工旅游",
      "弹性工作",
      "定期体检",
      "年终奖金"
    ],
    "region": "成都·高新区",
    "companyloge": "https://img04.51jobcdn.com/im/mkt/app/51job_phone/app/homelogo/new/home_logo_default_imnetwork.png",
    "companyname": "成都图迅科技有限公司"
  },
  "147914389": {
    "name": "C++开发工程师--8a产品线",
    "salary": "1.4-2.8万",
    "welfare": [
      "3-4年",
      "本科",
      "mysql",
      "linux",
      "postgresql",
      "c++",
      "greenplum",
      "gbase",
      "五险一金",
      "通讯补贴",
      "年终奖金",
      "绩效奖金",
      "专业培训",
      "补充医疗保险",
      "定期体检",
      "带薪年假",
      "节日福利"
    ],
    "region": "天津·南开区",
    "companyloge": "https://img04.51jobcdn.com/im/mkt/app/51job_phone/app/homelogo/new/home_logo_default_imnetwork.png",
    "companyname": "天津南大通用数据技术股份有限公司"
  },
  "147914390": {
    "name": "C++开发工程师--8a产品线",
    "salary": "1.4-2.8万",
    "welfare": [
      "3-4年",
      "本科",
      "mysql",
      "linux",
      "postgresql",
      "c++",
      "greenplum",
      "gbase",
      "五险一金",
      "通讯补贴",
      "年终奖金",
      "绩效奖金",
      "专业培训",
      "补充医疗保险",
      "定期体检",
      "带薪年假",
      "节日福利"
    ],
    "region": "天津·南开区",
    "companyloge": "https://img04.51jobcdn.com/im/mkt/app/51job_phone/app/homelogo/new/home_logo_default_imnetwork.png",
    "companyname": "天津南大通用数据技术股份有限公司"
  },
  "147914391": {
    "name": "C++开发工程师--8a产品线",
    "salary": "1.4-2.8万",
    "welfare": [
      "3-4年",
      "本科",
      "mysql",
      "linux",
      "postgresql",
      "c++",
      "greenplum",
      "gbase",
      "五险一金",
      "通讯补贴",
      "年终奖金",
      "绩效奖金",
      "专业培训",
      "补充医疗保险",
      "定期体检",
      "带薪年假",
      "节日福利"
    ],
    "region": "天津·南开区",
    "companyloge": "https://img04.51jobcdn.com/im/mkt/app/51job_phone/app/homelogo/new/home_logo_default_imnetwork.png",
    "companyname": "天津南大通用数据技术股份有限公司"
  },
  "147914392": {
    "name": "C++开发工程师--8a产品线",
    "salary": "1.4-2.8万",
    "welfare": [
      "3-4年",
      "本科",
      "mysql",
      "linux",
      "postgresql",
      "c++",
      "greenplum",
      "gbase",
      "五险一金",
      "通讯补贴",
      "年终奖金",
      "绩效奖金",
      "专业培训",
      "补充医疗保险",
      "定期体检",
      "带薪年假",
      "节日福利"
    ],
    "region": "天津·南开区",
    "companyloge": "https://img04.51jobcdn.com/im/mkt/app/51job_phone/app/homelogo/new/home_logo_default_imnetwork.png",
    "companyname": "天津南大通用数据技术股份有限公司"
  },
  "147951798": {
    "name": "C++研发工程师",
    "salary": "1.4-2.8万·13薪",
    "welfare": [
      "3-4年",
      "本科",
      "linux",
      "mysql",
      "c++",
      "postgresql",
      "gbase",
      "五险一金",
      "通讯补贴",
      "年终奖金",
      "绩效奖金",
      "专业培训",
      "定期体检",
      "带薪年假",
      "节日福利",
      "交通补贴"
    ],
    "region": "天津·南开区",
    "companyloge": "https://img04.51jobcdn.com/im/mkt/app/51job_phone/app/homelogo/new/home_logo_default_imnetwork.png",
    "companyname": "天津南大通用数据技术股份有限公司"
  },
  "147951799": {
    "name": "C++研发工程师",
    "salary": "1.4-2.8万·13薪",
    "welfare": [
      "3-4年",
      "本科",
      "linux",
      "mysql",
      "c++",
      "postgresql",
      "gbase",
      "五险一金",
      "通讯补贴",
      "年终奖金",
      "绩效奖金",
      "专业培训",
      "定期体检",
      "带薪年假",
      "节日福利",
      "交通补贴"
    ],
    "region": "天津·南开区",
    "companyloge": "https://img04.51jobcdn.com/im/mkt/app/51job_phone/app/homelogo/new/home_logo_default_imnetwork.png",
    "companyname": "天津南大通用数据技术股份有限公司"
  },
  "147951800": {
    "name": "C++研发工程师",
    "salary": "1.4-2.8万·13薪",
    "welfare": [
      "3-4年",
      "本科",
      "linux",
      "mysql",
      "c++",
      "postgresql",
      "gbase",
      "五险一金",
      "通讯补贴",
      "年终奖金",
      "绩效奖金",
      "专业培训",
      "定期体检",
      "带薪年假",
      "节日福利",
      "交通补贴"
    ],
    "region": "天津·南开区",
    "companyloge": "https://img04.51jobcdn.com/im/mkt/app/51job_phone/app/homelogo/new/home_logo_default_imnetwork.png",
    "companyname": "天津南大通用数据技术股份有限公司"
  },
  "147951801": {
    "name": "C++研发工程师",
    "salary": "1.4-2.8万·13薪",
    "welfare": [
      "3-4年",
      "本科",
      "linux",
      "mysql",
      "c++",
      "postgresql",
      "gbase",
      "五险一金",
      "通讯补贴",
      "年终奖金",
      "绩效奖金",
      "专业培训",
      "定期体检",
      "带薪年假",
      "节日福利",
      "交通补贴"
    ],
    "region": "天津·南开区",
    "companyloge": "https://img04.51jobcdn.com/im/mkt/app/51job_phone/app/homelogo/new/home_logo_default_imnetwork.png",
    "companyname": "天津南大通用数据技术股份有限公司"
  },
  "147951944": {
    "name": "C++研发工程师-8c产品线",
    "salary": "1.4-2.8万·13薪",
    "welfare": [
      "3-4年",
      "本科",
      "mysql",
      "linux",
      "c++",
      "greenplum",
      "postgresql",
      "gbase",
      "五险一金",
      "通讯补贴",
      "年终奖金",
      "绩效奖金",
      "专业培训",
      "定期体检",
      "带薪年假",
      "节日福利",
      "交通补贴"
    ],
    "region": "济南·历下区",
    "companyloge": "https://img04.51jobcdn.com/im/mkt/app/51job_phone/app/homelogo/new/home_logo_default_imnetwork.png",
    "companyname": "天津南大通用数据技术股份有限公司"
  },
  "147951945": {
    "name": "C++研发工程师-8c产品线",
    "salary": "1.4-2.8万·13薪",
    "welfare": [
      "3-4年",
      "本科",
      "mysql",
      "linux",
      "c++",
      "greenplum",
      "postgresql",
      "gbase",
      "五险一金",
      "通讯补贴",
      "年终奖金",
      "绩效奖金",
      "专业培训",
      "定期体检",
      "带薪年假",
      "节日福利",
      "交通补贴"
    ],
    "region": "济南·历下区",
    "companyloge": "https://img04.51jobcdn.com/im/mkt/app/51job_phone/app/homelogo/new/home_logo_default_imnetwork.png",
    "companyname": "天津南大通用数据技术股份有限公司"
  },
  "147951946": {
    "name": "C++研发工程师-8c产品线",
    "salary": "1.4-2.8万·13薪",
    "welfare": [
      "3-4年",
      "本科",
      "mysql",
      "linux",
      "c++",
      "greenplum",
      "postgresql",
      "gbase",
      "五险一金",
      "通讯补贴",
      "年终奖金",
      "绩效奖金",
      "专业培训",
      "定期体检",
      "带薪年假",
      "节日福利",
      "交通补贴"
    ],
    "region": "济南·历下区",
    "companyloge": "https://img04.51jobcdn.com/im/mkt/app/51job_phone/app/homelogo/new/home_logo_default_imnetwork.png",
    "companyname": "天津南大通用数据技术股份有限公司"
  },
  "147951947": {
    "name": "C++研发工程师-8c产品线",
    "salary": "1.4-2.8万·13薪",
    "welfare": [
      "3-4年",
      "本科",
      "mysql",
      "linux",
      "c++",
      "greenplum",
      "postgresql",
      "gbase",
      "五险一金",
      "通讯补贴",
      "年终奖金",
      "绩效奖金",
      "专业培训",
      "定期体检",
      "带薪年假",
      "节日福利",
      "交通补贴"
    ],
    "region": "济南·历下区",
    "companyloge": "https://img04.51jobcdn.com/im/mkt/app/51job_phone/app/homelogo/new/home_logo_default_imnetwork.png",
    "companyname": "天津南大通用数据技术股份有限公司"
  },
  "147952152": {
    "name": "C++研发工程师-8s产品线",
    "salary": "1.4-2.8万",
    "welfare": [
      "3-4年",
      "本科",
      "mysql",
      "linux",
      "c++",
      "postgresql",
      "gbase",
      "五险一金",
      "通讯补贴",
      "年终奖金",
      "绩效奖金",
      "专业培训",
      "定期体检",
      "带薪年假",
      "节日福利",
      "交通补贴"
    ],
    "region": "天津·南开区",
    "companyloge": "https://img04.51jobcdn.com/im/mkt/app/51job_phone/app/homelogo/new/home_logo_default_imnetwork.png",
    "companyname": "天津南大通用数据技术股份有限公司"
  },
  "147952153": {
    "name": "C++研发工程师-8s产品线",
    "salary": "1.4-2.8万",
    "welfare": [
      "3-4年",
      "本科",
      "mysql",
      "linux",
      "c++",
      "postgresql",
      "gbase",
      "五险一金",
      "通讯补贴",
      "年终奖金",
      "绩效奖金",
      "专业培训",
      "定期体检",
      "带薪年假",
      "节日福利",
      "交通补贴"
    ],
    "region": "天津·南开区",
    "companyloge": "https://img04.51jobcdn.com/im/mkt/app/51job_phone/app/homelogo/new/home_logo_default_imnetwork.png",
    "companyname": "天津南大通用数据技术股份有限公司"
  },
  "147952154": {
    "name": "C++研发工程师-8s产品线",
    "salary": "1.4-2.8万",
    "welfare": [
      "3-4年",
      "本科",
      "mysql",
      "linux",
      "c++",
      "postgresql",
      "gbase",
      "五险一金",
      "通讯补贴",
      "年终奖金",
      "绩效奖金",
      "专业培训",
      "定期体检",
      "带薪年假",
      "节日福利",
      "交通补贴"
    ],
    "region": "天津·南开区",
    "companyloge": "https://img04.51jobcdn.com/im/mkt/app/51job_phone/app/homelogo/new/home_logo_default_imnetwork.png",
    "companyname": "天津南大通用数据技术股份有限公司"
  },
  "147952155": {
    "name": "C++研发工程师-8s产品线",
    "salary": "1.4-2.8万",
    "welfare": [
      "3-4年",
      "本科",
      "mysql",
      "linux",
      "c++",
      "postgresql",
      "gbase",
      "五险一金",
      "通讯补贴",
      "年终奖金",
      "绩效奖金",
      "专业培训",
      "定期体检",
      "带薪年假",
      "节日福利",
      "交通补贴"
    ],
    "region": "天津·南开区",
    "companyloge": "https://img04.51jobcdn.com/im/mkt/app/51job_phone/app/homelogo/new/home_logo_default_imnetwork.png",
    "companyname": "天津南大通用数据技术股份有限公司"
  },
  "148012323": {
    "name": "C++软件开发工程师",
    "salary": "8千-1万",
    "welfare": [
      "2年",
      "大专",
      "数控机床",
      "注塑机",
      "c++",
      "modbus",
      "opcua",
      "网络协议分析",
      "网络通信协议",
      "qt编程",
      "数据采集",
      "linux",
      "五险一金",
      "交通补贴",
      "餐饮补贴",
      "专业培训",
      "年终奖金",
      "弹性工作",
      "双休"
    ],
    "region": "深圳·龙岗区",
    "companyloge": "https://img04.51jobcdn.com/im/mkt/app/51job_phone/app/homelogo/new/home_logo_default_instrumentation.png",
    "companyname": "深圳市贝高智慧科技有限公司"
  },
  "148106192": {
    "name": "Linux C/C++中级软件工程师",
    "salary": "1-1.5万",
    "welfare": [
      "3-4年",
      "本科",
      "五险一金",
      "专业培训"
    ],
    "region": "西安·雁塔区",
    "companyloge": "https://img04.51jobcdn.com/im/mkt/app/51job_phone/app/homelogo/new/home_logo_default_software.png",
    "companyname": "格尔软件股份有限公司"
  },
  "148323995": {
    "name": "C/C++软件工程师",
    "salary": "1-2万",
    "welfare": [
      "2年",
      "本科",
      "c++",
      "串口",
      "线程",
      "多进程",
      "dll",
      "sdk",
      "android",
      "service",
      "计算机",
      "操作系统原理",
      "五险一金",
      "员工旅游",
      "绩效奖金",
      "年终奖金",
      "定期体检"
    ],
    "region": "深圳·南山区",
    "companyloge": "https://img01.51jobcdn.com/fansImg/CompLogo/4/3025/3024837/292747836049093518614_300.png?1684908536194",
    "companyname": "深圳市流明电子有限公司"
  },
  "148503784": {
    "name": "C/C++ 开发工程师",
    "salary": "1.2-2万",
    "welfare": [
      "2年",
      "本科",
      "五险一金",
      "补充医疗保险",
      "补充公积金"
    ],
    "region": "广州·番禺区",
    "companyloge": "https://img01.51jobcdn.com/fansImg/CompLogo/7/6940/6939156/439407797849045697250_300.png?1698388133909",
    "companyname": "广州守云科技有限公司"
  },
  "148823995": {
    "name": "嵌入式软件工程师（C/C++） (J10122)",
    "salary": "1.5-2.5万",
    "welfare": [
      "3-4年",
      "硕士"
    ],
    "region": "南京",
    "companyloge": "https://img01.51jobcdn.com/fansImg/CompLogo/3/2670/2669879/2669879_300.png?636670979502640431",
    "companyname": "南京埃斯顿自动化股份有限公司"
  },
  "148844250": {
    "name": "电力方向-C++开发工程师",
    "salary": "1.2-1.8万·14薪",
    "welfare": [
      "3-4年",
      "本科",
      "五险一金",
      "员工旅游",
      "交通补贴",
      "餐饮补贴",
      "通讯补贴",
      "专业培训",
      "绩效奖金",
      "年终奖金",
      "弹性工作",
      "定期体检"
    ],
    "region": "南京",
    "companyloge": "https://img04.51jobcdn.com/im/mkt/app/51job_phone/app/homelogo/home_logo_default.png",
    "companyname": "南京软核科技有限公司"
  },
  "149050638": {
    "name": "C/C++开发工程师",
    "salary": "2-2.5万",
    "welfare": [
      "3-4年",
      "本科",
      "c++",
      "c#",
      "软件开发",
      "windows",
      "linux",
      "英文读写",
      "C",
      "五险一金",
      "定期体检",
      "专业培训",
      "周末双休"
    ],
    "region": "上海·浦东新区",
    "companyloge": "https://img01.51jobcdn.com/fansImg/CompLogo/1/5/4252/4252_120.gif?635700459608871650",
    "companyname": "博彦科技股份有限公司"
  },
  "149062099": {
    "name": "C++开发工程师",
    "salary": "1.6-3.2万·13薪",
    "welfare": [
      "3-4年",
      "本科",
      "c++",
      "系统开发",
      "linux",
      "嵌入式",
      "C语言",
      "后端开发",
      "Winform",
      "WFC"
    ],
    "region": "深圳",
    "companyloge": "https://img04.51jobcdn.com/im/mkt/app/51job_phone/app/homelogo/new/home_logo_default_software.png",
    "companyname": "北京鼎腾科技有限公司"
  },
  "149062151": {
    "name": "C++开发工程师",
    "salary": "1.6-3.2万",
    "welfare": [
      "3-4年",
      "本科",
      "c++",
      "系统开发",
      "linux",
      "嵌入式",
      "C语言",
      "后端开发",
      "Winform",
      "WFC"
    ],
    "region": "西安",
    "companyloge": "https://img04.51jobcdn.com/im/mkt/app/51job_phone/app/homelogo/new/home_logo_default_software.png",
    "companyname": "北京鼎腾科技有限公司"
  },
  "149120187": {
    "name": "C++软件工程师",
    "salary": "8千-1.6万",
    "welfare": [
      "3-4年",
      "本科",
      "c++",
      "计算机",
      "软件开发",
      "五险一金",
      "年终奖金",
      "专业培训",
      "节日福利",
      "带薪年假"
    ],
    "region": "成都·郫都区",
    "companyloge": "https://img01.51jobcdn.com/fansImg/CompLogo/6/5748/5747663/5747663_300.png?637534859396229411",
    "companyname": "成都迈硕电气有限公司"
  },
  "149213129": {
    "name": "C/C++软件开发工程师(平台类)",
    "salary": "8千-1.5万",
    "welfare": [
      "1年",
      "本科",
      "五险一金",
      "餐饮补贴",
      "定期体检",
      "绩效奖金",
      "年终奖金",
      "弹性工作",
      "员工旅游",
      "专业培训",
      "通讯补贴"
    ],
    "region": "杭州·滨江区",
    "companyloge": "https://img01.51jobcdn.com/fansImg/CompLogo/3/2716/2715832/2715832_300.png?636645646231153579",
    "companyname": "浙江宇视科技有限公司"
  },
  "149285734": {
    "name": "C++开发工程师",
    "salary": "1.3-2.6万",
    "welfare": [
      "3-4年",
      "本科",
      "c++",
      "系统开发",
      "linux",
      "嵌入式",
      "C语言",
      "后端开发",
      "Winform",
      "WFC"
    ],
    "region": "北京",
    "companyloge": "https://img04.51jobcdn.com/im/mkt/app/51job_phone/app/homelogo/new/home_logo_default_software.png",
    "companyname": "北京鼎腾科技有限公司"
  },
  "149305392": {
    "name": "C/C++软件工程师",
    "salary": "1.5-2.5万·13薪",
    "welfare": [
      "2年",
      "本科",
      "c++",
      "编程语言",
      "计算机",
      "算法",
      "导航",
      "应用软件",
      "电子通信",
      "导航制导",
      "五险一金",
      "补充医疗保险",
      "补充公积金",
      "餐饮补贴",
      "年终奖金",
      "定期体检",
      "员工旅游"
    ],
    "region": "苏州·吴中区",
    "companyloge": "https://img04.51jobcdn.com/im/mkt/app/51job_phone/app/homelogo/new/home_logo_default_elect.png",
    "companyname": "苏州亿波达光电子科技有限公司"
  },
  "149660559": {
    "name": "网络开发工程师",
    "salary": "1.5-2.5万·13薪",
    "welfare": [
      "2年",
      "硕士",
      "docker",
      "ip协议",
      "二层交换",
      "c++",
      "tcp",
      "五险一金",
      "绩效奖金",
      "年终奖金",
      "商业保险",
      "定期体检",
      "周末双休",
      "带薪年假",
      "扁平管理"
    ],
    "region": "广州·黄埔区",
    "companyloge": "https://img01.51jobcdn.com/fansImg/CompLogo/6/5272/5271402/5271402_300.png?637183983965358789",
    "companyname": "广东省新一代通信与网络创新研究院"
  },
  "149889771": {
    "name": "C++开发工程师",
    "salary": "1.3-2.3万",
    "welfare": [
      "3-4年",
      "本科",
      "负载均衡",
      "linux",
      "redis",
      "c++",
      "五险一金",
      "专业培训",
      "定期体检",
      "补充公积金",
      "餐饮补贴",
      "年终奖金",
      "定期团建"
    ],
    "region": "上海",
    "companyloge": "https://img04.51jobcdn.com/im/mkt/app/51job_phone/app/homelogo/new/home_logo_default_software.png",
    "companyname": "上海辰锐信息科技有限公司"
  },
  "149922547": {
    "name": "C/C++高级研发工程师",
    "salary": "1.8-2.5万",
    "welfare": [
      "3-4年",
      "本科",
      "五险一金",
      "免费班车",
      "通讯补贴",
      "餐饮补贴",
      "年终奖金",
      "绩效奖金",
      "定期体检",
      "专业培训"
    ],
    "region": "南京·雨花台区",
    "companyloge": "https://img04.51jobcdn.com/im/mkt/app/51job_phone/app/homelogo/new/home_logo_default_software.png",
    "companyname": "亚信安全科技股份有限公司"
  },
  "150006228": {
    "name": "C++开发工程师",
    "salary": "1.7-2.6万",
    "welfare": [
      "3-4年",
      "本科",
      "c++",
      "ros",
      "五险一金",
      "员工旅游",
      "绩效奖金",
      "年终奖金",
      "股票期权",
      "弹性工作",
      "定期体检",
      "带薪年假",
      "岗位晋升",
      "项目奖金"
    ],
    "region": "深圳·宝安区",
    "companyloge": "https://img01.51jobcdn.com/fansImg/CompLogo/4/3738/3737308/3737308_300.png?637510528340894857",
    "companyname": "深圳市镭神智能系统有限公司"
  },
  "150076489": {
    "name": "C++软件工程师",
    "salary": "1.4-2.8万",
    "welfare": [
      "3-4年",
      "本科",
      "c++",
      "五险一金",
      "餐饮补贴",
      "定期体检",
      "免费班车",
      "年终奖金",
      "绩效奖金",
      "专业培训",
      "弹性工作"
    ],
    "region": "无锡·新吴区",
    "companyloge": "https://img01.51jobcdn.com/fansImg/CompLogo/5/4027/4026520/4026520_300.png?637596310210224390",
    "companyname": "无锡日联科技股份有限公司"
  },
  "150111927": {
    "name": "资深C++开发工程师",
    "salary": "1.5-2万",
    "welfare": [
      "5-7年",
      "本科",
      "c++",
      "Linux",
      "windows",
      "TCP/IP",
      "网络协议",
      "五险一金",
      "周末双休",
      "绩效奖金",
      "年终奖金",
      "专业培训",
      "弹性工作"
    ],
    "region": "西安·高新技术产业开发区",
    "companyloge": "https://img01.51jobcdn.com/fansImg/CompLogo/6/5608/5607688/21603294501541350894_300.png?1676346990134",
    "companyname": "网际软件（西安）有限公司"
  },
  "150270907": {
    "name": "C/C++高级软件开发工程师",
    "salary": "2-3万",
    "welfare": [
      "3-4年",
      "本科",
      "软件开发",
      "软件工程师",
      "Java",
      "c++",
      "C",
      "编程",
      "五险一金",
      "定期体检"
    ],
    "region": "上海·浦东新区",
    "companyloge": "https://img04.51jobcdn.com/im/mkt/app/51job_phone/app/homelogo/new/home_logo_default_software.png",
    "companyname": "丰盛信息科技（上海）有限公司"
  },
  "150304227": {
    "name": "网络开发工程师(C C++方向)",
    "salary": "1.5-2.5万·14薪",
    "welfare": [
      "2年",
      "硕士",
      "docker",
      "ip协议",
      "二层交换",
      "c++",
      "tcp",
      "开源软件",
      "电子信息",
      "软件研发",
      "五险一金",
      "绩效奖金",
      "年终奖金",
      "商业保险",
      "定期体检",
      "带薪年假",
      "扁平管理"
    ],
    "region": "广州·黄埔区",
    "companyloge": "https://img01.51jobcdn.com/fansImg/CompLogo/6/5272/5271402/5271402_300.png?637183983965358789",
    "companyname": "广东省新一代通信与网络创新研究院"
  },
  "150304261": {
    "name": "网络开发工程师(C C++方向)",
    "salary": "1.5-2.5万·14薪",
    "welfare": [
      "2年",
      "硕士",
      "docker",
      "ip协议",
      "二层交换",
      "c++",
      "tcp",
      "开源软件",
      "电子信息",
      "软件研发",
      "五险一金",
      "绩效奖金",
      "年终奖金",
      "商业保险",
      "定期体检",
      "带薪年假",
      "扁平管理"
    ],
    "region": "深圳·南山区",
    "companyloge": "https://img01.51jobcdn.com/fansImg/CompLogo/6/5272/5271402/5271402_300.png?637183983965358789",
    "companyname": "广东省新一代通信与网络创新研究院"
  },
  "150367614": {
    "name": "c/c++软件开发工程师",
    "salary": "1-2万",
    "welfare": [
      "2年",
      "本科",
      "年终奖金",
      "五险一金",
      "员工旅游",
      "定期体检",
      "节日福利",
      "弹性工作",
      "餐饮补贴"
    ],
    "region": "西安·高新技术产业开发区",
    "companyloge": "https://img01.51jobcdn.com/fansImg/CompLogo/3/2830/2829219/2829219_300.png?637495878063250382",
    "companyname": "深圳市儒科电子有限公司"
  },
  "150403165": {
    "name": "C++软件工程师",
    "salary": "2-4万",
    "welfare": [
      "5-7年",
      "本科",
      "linux",
      "c++",
      "c/c++",
      "分布式系统",
      "电子通信",
      "高并发系统",
      "理工",
      "软件开发",
      "五险一金",
      "补充医疗保险",
      "员工旅游",
      "绩效奖金"
    ],
    "region": "深圳·龙华区",
    "companyloge": "https://img01.51jobcdn.com/fansImg/CompLogo/4/3913/3912887/3912887_120.gif?636184574236569715",
    "companyname": "深圳市喜悦智慧数据有限公司"
  },
  "150547480": {
    "name": "C++开发工程师（自研+双休）",
    "salary": "24-48万/年",
    "welfare": [
      "3-4年",
      "本科",
      "C++",
      "五险一金",
      "员工旅游",
      "年终奖金",
      "绩效奖金",
      "专业培训",
      "弹性工作",
      "定期体检",
      "下午茶"
    ],
    "region": "东莞·松山湖区",
    "companyloge": "https://img01.51jobcdn.com/fansImg/CompLogo/5/4795/4794818/4794818_300.png?637312648136136760",
    "companyname": "广东微云科技股份有限公司"
  },
  "150547481": {
    "name": "C++开发工程师（自研+双休）",
    "salary": "24-48万/年",
    "welfare": [
      "3-4年",
      "本科",
      "C++",
      "五险一金",
      "员工旅游",
      "年终奖金",
      "绩效奖金",
      "专业培训",
      "弹性工作",
      "定期体检",
      "下午茶"
    ],
    "region": "东莞·松山湖区",
    "companyloge": "https://img01.51jobcdn.com/fansImg/CompLogo/5/4795/4794818/4794818_300.png?637312648136136760",
    "companyname": "广东微云科技股份有限公司"
  },
  "150547482": {
    "name": "C++开发工程师（自研+双休）",
    "salary": "24-48万/年",
    "welfare": [
      "3-4年",
      "本科",
      "C++",
      "五险一金",
      "员工旅游",
      "年终奖金",
      "绩效奖金",
      "专业培训",
      "弹性工作",
      "定期体检",
      "下午茶"
    ],
    "region": "东莞·松山湖区",
    "companyloge": "https://img01.51jobcdn.com/fansImg/CompLogo/5/4795/4794818/4794818_300.png?637312648136136760",
    "companyname": "广东微云科技股份有限公司"
  },
  "150661179": {
    "name": "C/C++开发工程师",
    "salary": "1.5-1.8万·14薪",
    "welfare": [
      "2年",
      "本科",
      "c++",
      "编程",
      "stl",
      "串口通信",
      "五险一金",
      "员工旅游",
      "交通补贴",
      "通讯补贴",
      "年终奖金",
      "定期体检",
      "绩效奖金",
      "家属健康津贴"
    ],
    "region": "佛山",
    "companyloge": "https://img01.51jobcdn.com/fansImg/CompLogo/5/4113/4112903/4112903_120.gif?636143909745429575",
    "companyname": "上海泽鑫电力科技股份有限公司"
  },
  "150693893": {
    "name": "C++开发工程师",
    "salary": "2-3万",
    "welfare": [
      "3-4年",
      "本科",
      "linux",
      "c++",
      "五险一金",
      "交通补贴",
      "年终奖金",
      "专业培训",
      "绩效奖金"
    ],
    "region": "深圳·光明区",
    "companyloge": "https://img01.51jobcdn.com/fansImg/CompLogo/6/5838/5837737/5837737_300.png?637225586765273247",
    "companyname": "劢微机器人科技（深圳）有限公司"
  },
  "150724601": {
    "name": "C++开发工程师",
    "salary": "1-2万·13薪",
    "welfare": [
      "2年",
      "硕士",
      "c++",
      "测试软件",
      "五险一金",
      "员工旅游",
      "定期体检",
      "免费班车",
      "餐饮补贴",
      "年终奖金",
      "商业保险",
      "有薪年假",
      "专业培训"
    ],
    "region": "珠海·香洲区",
    "companyloge": "https://img01.51jobcdn.com/fansImg/CompLogo/4/3567/3566769/3566769_120.gif?635810234289491462",
    "companyname": "珠海保税区光联通讯技术有限公司"
  },
  "151267666": {
    "name": "c/c++开发工程师",
    "salary": "1-1.5万",
    "welfare": [
      "3-4年",
      "本科",
      "计算机",
      "svn",
      "c++",
      "git",
      "通信",
      "windows",
      "http",
      "sip",
      "代码开发",
      "图像处理",
      "五险一金",
      "节日福利",
      "全勤奖",
      "带薪年假",
      "双休"
    ],
    "region": "武汉·东湖新技术产业开发区",
    "companyloge": "https://img01.51jobcdn.com/fansImg/CompLogo/3/2383/2382467/2382467_300.png?637739674662988001",
    "companyname": "熵基科技股份有限公司"
  },
  "151373168": {
    "name": "c/c++开发工程师",
    "salary": "1.5-3万",
    "welfare": [
      "5-7年",
      "本科",
      "计算机",
      "java",
      "linux",
      "c++",
      "通信",
      "tcp",
      "socket",
      "ip",
      "udp",
      "网络通信协议",
      "五险一金",
      "弹性工作",
      "年终奖金",
      "免费下午茶",
      "每年调薪"
    ],
    "region": "杭州·滨江区",
    "companyloge": "https://img01.51jobcdn.com/fansImg/CompLogo/3/2033/2032542/2032542_300.png?636978373573765282",
    "companyname": "杭州普维云技术有限公司"
  },
  "151373332": {
    "name": "c/c++开发工程师（24届研究生）",
    "salary": "1.4-2万",
    "welfare": [
      "无需经验",
      "硕士",
      "计算机",
      "java",
      "linux",
      "c++",
      "编程",
      "通信",
      "软件工程",
      "服务器",
      "tcp",
      "后端开发",
      "五险一金",
      "弹性工作",
      "年终奖金",
      "免费下午茶",
      "每年调薪"
    ],
    "region": "杭州·滨江区",
    "companyloge": "https://img01.51jobcdn.com/fansImg/CompLogo/3/2033/2032542/2032542_300.png?636978373573765282",
    "companyname": "杭州普维云技术有限公司"
  },
  "151388268": {
    "name": "c/c++开发工程师",
    "salary": "2.4-2.7万",
    "welfare": [
      "5-7年",
      "本科",
      "计算机",
      "linux",
      "c++",
      "编程",
      "shell",
      "tcp",
      "系统开发",
      "socket",
      "证券交易",
      "ip",
      "六险一金"
    ],
    "region": "上海·黄浦区",
    "companyloge": "https://img01.51jobcdn.com/fansImg/CompLogo/7/6455/6454299/6454299_300.png?637528262463947469",
    "companyname": "加绩（上海）科技服务有限公司"
  },
  "151443115": {
    "name": "C++开发工程师",
    "salary": "1.2-2.4万·13薪",
    "welfare": [
      "3-4年",
      "本科",
      "虚谷数据库",
      "c++",
      "五险一金",
      "弹性工作",
      "专业培训",
      "年终奖金",
      "餐饮补贴",
      "股票期权"
    ],
    "region": "成都·锦江区",
    "companyloge": "https://img01.51jobcdn.com/fansImg/CompLogo/9/8164/8163003/429806542144506972909_300.png?1697428126115",
    "companyname": "成都虚谷伟业科技有限公司"
  },
  "151461233": {
    "name": "Linux C/C++中级软件工程师（松江）",
    "salary": "1.8-2.4万",
    "welfare": [
      "3-4年",
      "本科",
      "c++",
      "软件开发",
      "linux",
      "信息安全",
      "TCP/IP",
      "线程",
      "ipc",
      "五险一金",
      "专业培训",
      "定期体检"
    ],
    "region": "上海·松江区",
    "companyloge": "https://img04.51jobcdn.com/im/mkt/app/51job_phone/app/homelogo/new/home_logo_default_software.png",
    "companyname": "格尔软件股份有限公司"
  },
  "151461685": {
    "name": "Linux C/C++高级软件工程师（松江）",
    "salary": "2.4-3万",
    "welfare": [
      "5-7年",
      "本科",
      "linux",
      "c++",
      "php",
      "java",
      "Python",
      "五险一金",
      "专业培训",
      "定期体检",
      "员工旅游"
    ],
    "region": "上海·松江区",
    "companyloge": "https://img04.51jobcdn.com/im/mkt/app/51job_phone/app/homelogo/new/home_logo_default_software.png",
    "companyname": "格尔软件股份有限公司"
  },
  "151537846": {
    "name": "高级C++开发工程师",
    "salary": "2.5-3.5万",
    "welfare": [
      "5-7年",
      "本科",
      "c++",
      "餐饮补贴",
      "五险一金",
      "免费班车",
      "定期体检",
      "年终奖",
      "上市企业"
    ],
    "region": "南京",
    "companyloge": "https://img01.51jobcdn.com/fansImg/CompLogo/4/3485/3484050/3484050_300.png?637447657543511750",
    "companyname": "亿嘉和科技股份有限公司"
  },
  "151656038": {
    "name": "软件开发工程师(C/C++)(J11381)",
    "salary": "1.5-2.5万·14薪",
    "welfare": [
      "3-4年",
      "本科",
      "c++",
      "编程",
      "产品开发",
      "windows",
      "linux",
      "ios",
      "网络安全",
      "开发语言",
      "移动端",
      "七险一金",
      "交通补贴",
      "通讯补贴",
      "定期体检"
    ],
    "region": "苏州·高新区",
    "companyloge": "https://img01.51jobcdn.com/fansImg/CompLogo/3/2111/2110508/2110508_300.jpg?636687445835100300",
    "companyname": "山石网科通信技术股份有限公司"
  },
  "151765281": {
    "name": "高级QT软件工程师",
    "salary": "2-4万",
    "welfare": [
      "5-7年",
      "本科",
      "c++",
      "windows",
      "架构设计",
      "emc",
      "测试系统",
      "WiFi测试",
      "远场",
      "平面近场",
      "节日福利",
      "旅游福利",
      "五险一金",
      "带薪年假",
      "定期体检",
      "绩效奖金",
      "年终奖金"
    ],
    "region": "上海·青浦区",
    "companyloge": "https://img01.51jobcdn.com/fansImg/CompLogo/6/5062/5061616/5061616_300.png?636634556544453210",
    "companyname": "杭州永谐科技有限公司"
  },
  "151780942": {
    "name": "linux C++开发工程师",
    "salary": "1.2-2.4万",
    "welfare": [
      "3-4年",
      "本科",
      "linux",
      "测试",
      "c++",
      "编码",
      "多线程编程",
      "技术研究",
      "内存管理",
      "安全行业",
      "设计",
      "网络io",
      "五险一金",
      "餐饮补贴",
      "通讯补贴",
      "弹性工作",
      "定期体检",
      "年终奖金",
      "节日福利"
    ],
    "region": "北京·海淀区",
    "companyloge": "https://img01.51jobcdn.com/fansImg/CompLogo/4/3112/3111043/3111043_300.jpg?637729133654246506",
    "companyname": "昆仑太科（北京）技术股份有限公司"
  },
  "151781024": {
    "name": "Windows C++开发工程师",
    "salary": "1.2-2.4万",
    "welfare": [
      "3-4年",
      "本科",
      "测试",
      "调试",
      "c++",
      "windows",
      "编码",
      "技术研究",
      "文档",
      "安全行业",
      "网络编程",
      "windbg",
      "五险一金",
      "餐饮补贴",
      "通讯补贴",
      "弹性工作",
      "定期体检",
      "年终奖金",
      "节日福利"
    ],
    "region": "北京·海淀区",
    "companyloge": "https://img01.51jobcdn.com/fansImg/CompLogo/4/3112/3111043/3111043_300.jpg?637729133654246506",
    "companyname": "昆仑太科（北京）技术股份有限公司"
  },
  "151781073": {
    "name": "Windows C++开发工程师",
    "salary": "1.1-2.2万",
    "welfare": [
      "3-4年",
      "本科",
      "测试",
      "调试",
      "c++",
      "windows",
      "编码",
      "技术研究",
      "文档",
      "安全行业",
      "网络编程",
      "windbg",
      "五险一金",
      "餐饮补贴",
      "通讯补贴",
      "弹性工作",
      "定期体检",
      "年终奖金",
      "节日福利"
    ],
    "region": "长沙",
    "companyloge": "https://img01.51jobcdn.com/fansImg/CompLogo/4/3112/3111043/3111043_300.jpg?637729133654246506",
    "companyname": "昆仑太科（北京）技术股份有限公司"
  },
  "151906538": {
    "name": "中级C++工程师",
    "salary": "1.8-2.5万",
    "welfare": [
      "3-4年",
      "本科",
      "计算机",
      "数据库",
      "开发",
      "c++",
      "bug",
      "设计模式",
      "技术方案",
      "tcp",
      "代码开发",
      "多线程编程",
      "餐饮补贴",
      "绩效奖金",
      "五险一金",
      "员工旅游",
      "定期体检"
    ],
    "region": "深圳·宝安区",
    "companyloge": "https://img01.51jobcdn.com/fansImg/CompLogo/4/3696/3695001/3695001_300.png?637577124513316139",
    "companyname": "深圳市创必得科技有限公司"
  },
  "151985772": {
    "name": "C++开发工程师",
    "salary": "1.5-2万·13薪",
    "welfare": [
      "3-4年",
      "本科",
      "计算机",
      "linux",
      "调试",
      "svn",
      "c++",
      "office",
      "git",
      "软件开发",
      "研发",
      "文档编写",
      "五险一金",
      "员工旅游",
      "年终奖金",
      "餐饮补贴",
      "定期体检",
      "节日福利",
      "商业保险"
    ],
    "region": "南京",
    "companyloge": "https://img01.51jobcdn.com/fansImg/CompLogo/4/3899/3898283/164866302445841951389_300.png?1672120353194",
    "companyname": "常州海图信息科技股份有限公司"
  },
  "151996578": {
    "name": "C++软件工程师",
    "salary": "1-1.4万",
    "welfare": [
      "5-7年",
      "大专",
      "计算机",
      "mysql",
      "开发",
      "c++",
      "编程",
      "windows",
      "数据结构",
      "自动化设备",
      "编程语言",
      "运营维护",
      "带薪年假",
      "绩效奖金",
      "节日福利",
      "交通补贴",
      "餐饮补贴",
      "通讯补贴",
      "年终奖金",
      "社会保险",
      "每年体检"
    ],
    "region": "昆明·西山区",
    "companyloge": "https://img04.51jobcdn.com/im/mkt/app/51job_phone/app/homelogo/new/home_logo_default_build.png",
    "companyname": "云南新航线科技有限公司"
  },
  "152099415": {
    "name": "C/C++软件工程师",
    "salary": "1-1.5万",
    "welfare": [
      "1年",
      "硕士",
      "计算机",
      "电子",
      "linux",
      "需求分析",
      "c++",
      "编程",
      "通信",
      "方案设计",
      "windows",
      "产品开发",
      "餐饮补贴",
      "年终奖金",
      "绩效奖金",
      "弹性工作",
      "定期体检",
      "做五休二",
      "五险一金",
      "周末双休",
      "专业培训"
    ],
    "region": "杭州·滨江区",
    "companyloge": "https://img01.51jobcdn.com/fansImg/CompLogo/1/107/106423/106423_120.gif?635700459621351810",
    "companyname": "东方通信股份有限公司"
  },
  "152128213": {
    "name": "C++开发工程师",
    "salary": "1.2-2万",
    "welfare": [
      "3-4年",
      "本科",
      "计算机",
      "c++",
      "http",
      "tcp",
      "面向对象编程",
      "ip",
      "系统架构设计",
      "多线程编程",
      "五险一金",
      "绩效奖金",
      "周末双休",
      "全勤奖",
      "节日福利",
      "年终奖金"
    ],
    "region": "成都·金牛区",
    "companyloge": "https://img01.51jobcdn.com/fansImg/CompLogo/5/4230/4229692/4229692_300.jpg?636548484838127745",
    "companyname": "广州辰创科技发展有限公司"
  },
  "152138281": {
    "name": "C++开发工程师",
    "salary": "1.5-2万",
    "welfare": [
      "3-4年",
      "本科",
      "linux",
      "c++",
      "ps",
      "项目开发",
      "http",
      "编程语言",
      "数据结构算法",
      "华为",
      "多线程编程",
      "udp",
      "五险一金",
      "员工旅游",
      "专业培训",
      "年终奖金",
      "周末双休",
      "包吃",
      "带薪年假"
    ],
    "region": "深圳·龙华区",
    "companyloge": "https://img04.51jobcdn.com/im/mkt/app/51job_phone/app/homelogo/new/home_logo_default_instrumentation.png",
    "companyname": "深圳市威尔电器有限公司"
  },
  "152180254": {
    "name": "C++开发工程师",
    "salary": "1-2万·13薪",
    "welfare": [
      "2年",
      "硕士",
      "c++",
      "测试软件",
      "五险一金",
      "员工旅游",
      "定期体检",
      "免费班车",
      "餐饮补贴",
      "年终奖金",
      "商业保险",
      "有薪年假",
      "专业培训"
    ],
    "region": "珠海·香洲区",
    "companyloge": "https://img01.51jobcdn.com/fansImg/CompLogo/4/3567/3566769/3566769_120.gif?635810234289491462",
    "companyname": "珠海保税区光联通讯技术有限公司"
  },
  "152246193": {
    "name": "C++开发工程师",
    "salary": "1.8-2.7万·14薪",
    "welfare": [
      "3-4年",
      "大专",
      "linux",
      "调试",
      "c++",
      "shell",
      "tcp",
      "编程语言",
      "数据结构算法",
      "调优",
      "golang",
      "lua",
      "五险一金",
      "弹性工作",
      "定期体检",
      "年终奖金",
      "交通补贴",
      "餐饮补贴",
      "通讯补贴",
      "员工旅游"
    ],
    "region": "长沙",
    "companyloge": "https://img01.51jobcdn.com/fansImg/CompLogo/4/3703/3702828/3702828_300.png?636875681398672910",
    "companyname": "深圳奥联信息安全技术有限公司"
  },
  "152265077": {
    "name": "C++开发工程师",
    "salary": "1.3-1.9万",
    "welfare": [
      "2年",
      "大专",
      "svn",
      "c++",
      "git",
      "windows",
      "http",
      "英文",
      "网络协议",
      "https",
      "mfc",
      "objective_c",
      "弹性工作",
      "绩效奖金",
      "年终奖金",
      "五险一金",
      "周末双休"
    ],
    "region": "深圳·南山区",
    "companyloge": "https://img04.51jobcdn.com/im/mkt/app/51job_phone/app/homelogo/new/home_logo_default_software.png",
    "companyname": "德鲸科技（深圳）有限公司"
  },
  "152273839": {
    "name": "C++高级工程师",
    "salary": "2-3万",
    "welfare": [
      "3-4年",
      "本科",
      "数据库",
      "c++",
      "五险一金"
    ],
    "region": "深圳·南山区",
    "companyloge": "https://img01.51jobcdn.com/fansImg/CompLogo/4/3280/3279112/3279112_120.gif?635724641259787636",
    "companyname": "深圳市汉云科技有限公司"
  },
  "152338347": {
    "name": "c++软件开发工程师",
    "salary": "1.2-2万",
    "welfare": [
      "3-4年",
      "本科",
      "mysql",
      "oracle",
      "linux",
      "调试",
      "sqlserver",
      "c++",
      "编程",
      "研发",
      "数据结构",
      "shell",
      "五险一金",
      "定期体检",
      "周末双休",
      "带薪年假",
      "节日福利"
    ],
    "region": "广州·黄埔区",
    "companyloge": "https://img01.51jobcdn.com/fansImg/CompLogo/8/7559/7558272/206998577821046915993_300.png?1675147755564",
    "companyname": "深圳市南电云商有限公司"
  },
  "152344671": {
    "name": "高级应用软件工程师（C++/QT)方向",
    "salary": "1.5-2万",
    "welfare": [
      "3-4年",
      "本科",
      "c++",
      "餐饮补贴",
      "绩效奖金",
      "年终奖金",
      "定期体检",
      "专业培训",
      "股票期权",
      "六险一金"
    ],
    "region": "重庆·沙坪坝区",
    "companyloge": "https://img01.51jobcdn.com/fansImg/CompLogo/3/2197/2196023/2196023_300.jpg?637406043405118793",
    "companyname": "深圳普门科技股份有限公司"
  },
  "152351046": {
    "name": "C/C++研发（密码技术方向）(J10585)",
    "salary": "1.5-2.5万",
    "welfare": [
      "8-9年",
      "硕士",
      "c++",
      "python",
      "计算机",
      "五险一金",
      "补充医疗保险",
      "交通补贴",
      "餐饮补贴",
      "通讯补贴",
      "专业培训"
    ],
    "region": "成都",
    "companyloge": "https://img01.51jobcdn.com/fansImg/CompLogo/1/134/133795/293942332752337278968_300.png?1684137829644",
    "companyname": "中电科网络安全科技股份有限公司"
  },
  "152358357": {
    "name": "高级通信协议工程师（麦克风产品）",
    "salary": "1.8-2.5万",
    "welfare": [
      "8-9年",
      "本科",
      "计算机",
      "linux",
      "c++",
      "软件工程",
      "shell",
      "功能设计",
      "tcp",
      "代码风格",
      "编程习惯",
      "算法开发",
      "五险一金",
      "员工旅游",
      "年终奖金",
      "节日福利",
      "下午茶",
      "生日会"
    ],
    "region": "成都·高新区",
    "companyloge": "https://img01.51jobcdn.com/fansImg/CompLogo/4/3303/3302730/208760766521260001505_300.png?1676509800599",
    "companyname": "BOYA"
  },
  "152370054": {
    "name": "rdma软件开发工程师",
    "salary": "2.5-5万·15薪",
    "welfare": [
      "3-4年",
      "本科",
      "dpdk",
      "rdma",
      "ARM",
      "Linux",
      "DPU",
      "年终奖金",
      "定期体检",
      "弹性工作",
      "五险一金",
      "补充医疗保险",
      "员工旅游"
    ],
    "region": "上海·徐汇区",
    "companyloge": "https://img01.51jobcdn.com/fansImg/CompLogo/7/6274/6273802/6273802_300.png?637606496964256742",
    "companyname": "益思芯科技（上海）有限公司"
  },
  "152372580": {
    "name": "高级平台软件工程师(C++)",
    "salary": "2.5-3.5万·15薪",
    "welfare": [
      "5-7年",
      "本科",
      "计算机",
      "linux",
      "svn",
      "c++",
      "git",
      "软件开发",
      "编程",
      "软件工程",
      "数据结构",
      "运动控制",
      "五险一金",
      "餐饮补贴",
      "年终奖金",
      "项目奖金",
      "交通补贴",
      "定期体检",
      "绩效奖金",
      "定期团建",
      "免费班车",
      "节日福利"
    ],
    "region": "武汉·东湖新技术产业开发区",
    "companyloge": "https://img01.51jobcdn.com/fansImg/CompLogo/2/1531/1530869/234076570805986246491_300.png?1679041380258",
    "companyname": "武汉格蓝若智能技术股份有限公司"
  },
  "152378124": {
    "name": "软件开发工程师（C/C++）",
    "salary": "1-1.5万·13薪",
    "welfare": [
      "2年",
      "本科",
      "计算机",
      "linux",
      "svn",
      "c++",
      "git",
      "设计模式",
      "算法",
      "风控",
      "交易",
      "期货交易",
      "五险一金",
      "员工旅游",
      "交通补贴",
      "餐饮补贴",
      "专业培训",
      "绩效奖金"
    ],
    "region": "上海·浦东新区",
    "companyloge": "https://img01.51jobcdn.com/fansImg/CompLogo/3/2502/2501599/2501599_300.jpg?637807079231015036",
    "companyname": "上海凯道电子科技有限公司"
  },
  "152381954": {
    "name": "QT/C++ 软件工程师",
    "salary": "1.5-2.5万",
    "welfare": [
      "3-4年",
      "本科",
      "c++",
      "五险一金",
      "全勤奖",
      "专业培训",
      "免费班车",
      "餐饮补贴",
      "绩效奖金"
    ],
    "region": "深圳·福田区",
    "companyloge": "https://img01.51jobcdn.com/fansImg/CompLogo/2/1501/1500397/1500397_300.jpg?637432910715462341",
    "companyname": "深圳市吉斯迪科技有限公司"
  },
  "152399997": {
    "name": "C++应用开发工程师",
    "salary": "1-2万",
    "welfare": [
      "2年",
      "本科",
      "c++",
      "自动化",
      "linux",
      "开发",
      "shell",
      "多线程",
      "多进程",
      "网络通信",
      "ethernet/ip",
      "五险一金",
      "交通补贴",
      "餐饮补贴",
      "通讯补贴",
      "定期体检",
      "专业培训",
      "双休"
    ],
    "region": "常州·武进区",
    "companyloge": "https://img01.51jobcdn.com/fansImg/CompLogo/5/4716/4715844/4715844_120.gif?636476519221846503",
    "companyname": "遨博（江苏）机器人有限公司"
  }
}