{
  "65988062": {
    "name": "C/C++ 高级开发工程师",
    "salary": "2-3万",
    "welfare": [
      "5-7年",
      "本科",
      "SIP",
      "",
      "C/C++",
      "软件开发",
      "设计模式",
      "开发",
      "面向对象",
      "tcp/ip",
      "GUI",
      "Linux",
      "五险一金",
      "补充医疗保险",
      "定期体检",
      "员工旅游"
    ],
    "region": "深圳·福田区",
    "companyloge": "https://img04.51jobcdn.com/im/mkt/app/51job_phone/app/homelogo/new/home_logo_default_imnetwork.png",
    "companyname": "欧蒙特电子（惠州）有限公司"
  },
  "105582864": {
    "name": "软件工程师C/C++/QT",
    "salary": "1.5-2.5万",
    "welfare": [
      "5-7年",
      "本科",
      "qt",
      "C++",
      "linux"
    ],
    "region": "珠海",
    "companyloge": "https://img01.51jobcdn.com/fansImg/CompLogo/3/2702/2701475/2701475_300.png?637021646383315258",
    "companyname": "珠海华伟电气科技股份有限公司"
  },
  "106440819": {
    "name": "C/C++开发工程师",
    "salary": "1.5-2.5万",
    "welfare": [
      "3-4年",
      "大专",
      "c++",
      "linux",
      "多线程",
      "tcp",
      "cmake",
      "python",
      "音视频流媒体",
      "服务器端",
      "开发",
      "网络配置",
      "五险一金",
      "员工旅游",
      "专业培训",
      "通讯补贴",
      "绩效奖金",
      "年终奖金",
      "定期体检"
    ],
    "region": "上海·静安区",
    "companyloge": "https://img01.51jobcdn.com/fansImg/CompLogo/3/2813/2812482/2812482_120.gif?636122948420173181",
    "companyname": "上海阅维科技股份有限公司"
  },
  "108765556": {
    "name": "总部 系统开发工程师(c++方向）",
    "salary": "1.2-2.2万",
    "welfare": [
      "2年",
      "本科",
      "C++"
    ],
    "region": "深圳·福田区",
    "companyloge": "https://img04.51jobcdn.com/im/mkt/app/51job_phone/app/homelogo/new/home_logo_default_finance.png",
    "companyname": "招商期货有限公司"
  },
  "113034711": {
    "name": "Linux嵌入式开发工程师（C/C++）",
    "salary": "1.2-2万",
    "welfare": [
      "2年",
      "本科",
      "五险一金",
      "补充医疗保险",
      "员工旅游",
      "出国机会",
      "定期体检",
      "年终奖金",
      "餐饮补贴"
    ],
    "region": "上海",
    "companyloge": "https://img01.51jobcdn.com/fansImg/CompLogo/2/1089/1088698/1088698_300.png?636922426892518973",
    "companyname": "通维数码科技（上海）有限公司"
  },
  "124888760": {
    "name": "软件工程师（C/C++）",
    "salary": "1.8-2.5万",
    "welfare": [
      "2年",
      "本科",
      "软件",
      "驱动开发",
      "五险一金",
      "绩效奖金",
      "年终奖金",
      "员工旅游"
    ],
    "region": "深圳·南山区",
    "companyloge": "https://img04.51jobcdn.com/im/mkt/app/51job_phone/app/homelogo/new/home_logo_default_imnetwork.png",
    "companyname": "深圳市易赛通信技术有限公司"
  },
  "130211912": {
    "name": "C++开发工程师",
    "salary": "1-1.5万",
    "welfare": [
      "2年",
      "本科",
      "C++",
      "五险一金",
      "员工旅游",
      "定期体检",
      "餐饮补贴",
      "交通补贴",
      "通讯补贴"
    ],
    "region": "上海",
    "companyloge": "https://img04.51jobcdn.com/im/mkt/app/51job_phone/app/homelogo/new/home_logo_default_software.png",
    "companyname": "上海博为峰信息技术有限公司"
  },
  "130310450": {
    "name": "C++开发工程师",
    "salary": "10-20万/年",
    "welfare": [
      "3-4年",
      "本科",
      "c++",
      "密码学",
      "周末双休",
      "五险一金",
      "PKI",
      "五险一金",
      "员工旅游",
      "餐饮补贴",
      "年终奖金",
      "定期体检"
    ],
    "region": "武汉·武昌区",
    "companyloge": "https://img01.51jobcdn.com/fansImg/CompLogo/2/1511/1510404/1651127063499_300.jpeg?1651127080546",
    "companyname": "湖北省数字证书认证管理中心有限公司"
  },
  "132496670": {
    "name": "C++软件工程师",
    "salary": "1-2万",
    "welfare": [
      "2年",
      "本科",
      "C/C++",
      "linux",
      "C++",
      "MFC",
      "QT",
      "五险一金",
      "员工旅游",
      "餐饮补贴",
      "年终奖金",
      "定期体检",
      "项目奖金",
      "带薪年假",
      "节日福利",
      "补充医疗保险"
    ],
    "region": "西安",
    "companyloge": "https://img04.51jobcdn.com/im/mkt/app/51job_phone/app/homelogo/new/home_logo_default_software.png",
    "companyname": "江苏锐天智能科技股份有限公司西安分公司"
  },
  "133671556": {
    "name": "C/C++ 开发工程师",
    "salary": "1.5-2.5万",
    "welfare": [
      "3-4年",
      "本科",
      "C++",
      "五险一金",
      "餐饮补贴",
      "通讯补贴",
      "专业培训",
      "绩效奖金",
      "年终奖金",
      "定期体检"
    ],
    "region": "上海",
    "companyloge": "https://img04.51jobcdn.com/im/mkt/app/51job_phone/app/homelogo/new/home_logo_default_mech.png",
    "companyname": "上海嘉成轨道交通安全保障系统股份公司"
  },
  "133952906": {
    "name": "C/C++开发工程师-北京",
    "salary": "1-1.5万",
    "welfare": [
      "2年",
      "本科",
      "五险一金",
      "餐饮补贴",
      "定期体检",
      "年终奖金"
    ],
    "region": "北京",
    "companyloge": "https://img04.51jobcdn.com/im/mkt/app/51job_phone/app/homelogo/new/home_logo_default_software.png",
    "companyname": "中电福富信息科技有限公司"
  },
  "134188675": {
    "name": "C/C++软件开发工程师",
    "salary": "1.8-3.6万",
    "welfare": [
      "3-4年",
      "本科",
      "C++",
      "五险一金",
      "补充医疗保险",
      "交通补贴",
      "餐饮补贴",
      "通讯补贴",
      "绩效奖金",
      "年终奖金",
      "弹性工作",
      "定期体检"
    ],
    "region": "西安·雁塔区",
    "companyloge": "https://img04.51jobcdn.com/im/mkt/app/51job_phone/app/homelogo/new/home_logo_default_imnetwork.png",
    "companyname": "北京长焜科技有限公司"
  },
  "134570760": {
    "name": "C/C++软件开发工程师",
    "salary": "25-35万/年",
    "welfare": [
      "2年",
      "本科",
      "五险一金",
      "员工旅游",
      "餐饮补贴",
      "通讯补贴",
      "绩效奖金",
      "定期体检"
    ],
    "region": "上海·徐汇区",
    "companyloge": "https://img04.51jobcdn.com/im/mkt/app/51job_phone/app/homelogo/new/home_logo_default_auto.png",
    "companyname": "上海仁童电子科技有限公司"
  },
  "135470302": {
    "name": "高级软件开发工程师（c++\\qt）",
    "salary": "2.5-3.5万",
    "welfare": [
      "5-7年",
      "本科",
      "c++",
      "qt",
      "网络编程",
      "网络云",
      "机器视觉",
      "五险一金",
      "年终奖金",
      "包食宿",
      "带薪年假",
      "企业前景好",
      "环境优美",
      "节日福利"
    ],
    "region": "东莞·长安镇",
    "companyloge": "https://img01.51jobcdn.com/fansImg/CompLogo/3/2569/2568943/2568943_300.png?637496000353277629",
    "companyname": "广东奥普特科技股份有限公司"
  },
  "135916706": {
    "name": "C++开发工程师",
    "salary": "1.3-2.5万",
    "welfare": [
      "3-4年",
      "本科",
      "年终奖金",
      "绩效奖金",
      "餐饮补贴",
      "交通补贴",
      "通讯补贴",
      "15薪"
    ],
    "region": "深圳·罗湖区",
    "companyloge": "https://img01.51jobcdn.com/fansImg/CompLogo/1/142/141361/141361_120.gif?635700457677410888",
    "companyname": "中兴新通讯有限公司"
  },
  "138782672": {
    "name": "C++开发工程师",
    "salary": "2-3.5万",
    "welfare": [
      "5-7年",
      "本科",
      "C++",
      "软件工程师",
      "软件开发",
      "软件",
      "c++",
      "c",
      "嵌入式",
      "linux",
      "五险一金",
      "餐饮补贴",
      "交通补贴",
      "绩效奖金",
      "年终奖金",
      "股票期权"
    ],
    "region": "南京·江北新区",
    "companyloge": "https://img04.51jobcdn.com/im/mkt/app/51job_phone/app/homelogo/new/home_logo_default_instrumentation.png",
    "companyname": "众仓机器人（南京）有限公司"
  },
  "139579995": {
    "name": "C++高级软件工程师",
    "salary": "1.3-2.5万",
    "welfare": [
      "3-4年",
      "本科",
      "C++",
      "MFC",
      "QT",
      "Linux",
      "Python",
      "C",
      "五险一金",
      "员工旅游",
      "餐饮补贴",
      "年终奖金",
      "定期体检",
      "周末双休",
      "带薪年假",
      "节日福利",
      "补充医疗保险"
    ],
    "region": "西安",
    "companyloge": "https://img04.51jobcdn.com/im/mkt/app/51job_phone/app/homelogo/new/home_logo_default_software.png",
    "companyname": "江苏锐天智能科技股份有限公司西安分公司"
  },
  "141179999": {
    "name": "C++开发工程师",
    "salary": "1.5-2.5万·15薪",
    "welfare": [
      "3-4年",
      "本科",
      "年终奖金",
      "绩效奖金",
      "餐饮补贴",
      "交通补贴",
      "通讯补贴",
      "15薪"
    ],
    "region": "武汉",
    "companyloge": "https://img01.51jobcdn.com/fansImg/CompLogo/1/142/141361/141361_120.gif?635700457677410888",
    "companyname": "中兴新通讯有限公司"
  },
  "142474556": {
    "name": "C++软件开发工程师",
    "salary": "1-1.5万·13薪",
    "welfare": [
      "2年",
      "本科",
      "c++",
      "linux",
      "QT",
      "五险一金",
      "员工旅游",
      "专业培训",
      "年终奖金",
      "弹性工作",
      "丰厚过节费",
      "周末双休",
      "年休假"
    ],
    "region": "武汉·洪山区",
    "companyloge": "https://img01.51jobcdn.com/fansImg/CompLogo/3/2503/2502189/2502189_120.gif?635773961203850838",
    "companyname": "武汉思非电子技术有限公司"
  },
  "143535519": {
    "name": "C/C++开发工程师",
    "salary": "1.4-1.8万",
    "welfare": [
      "3-4年",
      "本科",
      "c++",
      "linux",
      "QT",
      "GTK",
      "VS",
      "五险一金",
      "员工旅游",
      "定期体检",
      "生日福利",
      "春节路费报销",
      "法定节假日",
      "祝寿礼金",
      "过节费"
    ],
    "region": "深圳·南山区",
    "companyloge": "https://img01.51jobcdn.com/fansImg/CompLogo/2/1431/1430329/1430329_120.gif?635779094849776281",
    "companyname": "深圳市紫川软件有限公司"
  },
  "144867733": {
    "name": "c++开发工程师",
    "salary": "1.5-3万·13薪",
    "welfare": [
      "3-4年",
      "本科",
      "c++",
      "软件开发",
      "windows",
      "计算机视觉",
      "计算机软件",
      "周末双休",
      "带薪年假",
      "五险一金",
      "全勤奖",
      "定期体检",
      "员工旅游",
      "年终奖金"
    ],
    "region": "上海·静安区",
    "companyloge": "https://img01.51jobcdn.com/fansImg/CompLogo/5/4435/4434153/4434153_300.jpg?637381996998872383",
    "companyname": "上海青瞳视觉科技有限公司"
  },
  "144974096": {
    "name": "C/C++开发工程师",
    "salary": "1.8-2万",
    "welfare": [
      "5-7年",
      "本科",
      "linux",
      "oracle",
      "mysql",
      "c语言开发",
      "支付系统",
      "银行",
      "五险一金",
      "年假",
      "交通补贴",
      "餐饮补贴"
    ],
    "region": "上海·浦东新区",
    "companyloge": "https://img04.51jobcdn.com/im/mkt/app/51job_phone/app/homelogo/new/home_logo_default_software.png",
    "companyname": "上海畅博越众科技有限公司"
  },
  "145323170": {
    "name": "QT/C++ 软件工程师",
    "salary": "1.5-2.5万",
    "welfare": [
      "3-4年",
      "本科",
      "c++",
      "五险一金",
      "全勤奖",
      "专业培训",
      "免费班车",
      "餐饮补贴",
      "绩效奖金"
    ],
    "region": "深圳·光明区",
    "companyloge": "https://img01.51jobcdn.com/fansImg/CompLogo/2/1501/1500397/1500397_300.jpg?637432910715462341",
    "companyname": "深圳市吉斯迪科技有限公司"
  },
  "145324521": {
    "name": "C/C++中级工程师（4A-PAM产品）",
    "salary": "1-2万",
    "welfare": [
      "3-4年",
      "本科",
      "linux",
      "c++",
      "编程",
      "多线程编程",
      "异步编程",
      "网络编程",
      "python",
      "五险一金",
      "补充医疗保险",
      "补充公积金",
      "交通补贴",
      "年终奖金"
    ],
    "region": "成都·武侯区",
    "companyloge": "https://img04.51jobcdn.com/im/mkt/app/51job_phone/app/homelogo/new/home_logo_default_software.png",
    "companyname": "格尔软件股份有限公司"
  },
  "145603409": {
    "name": "C/C++工程师",
    "salary": "1.2-1.8万·15薪",
    "welfare": [
      "2年",
      "本科",
      "linux",
      "c++",
      "shell",
      "软件开发",
      "c11",
      "python",
      "datasheet",
      "仪器仪表",
      "网络通信",
      "通讯",
      "五险一金",
      "专业培训",
      "绩效奖金",
      "年终奖金",
      "股票期权",
      "弹性工作",
      "定期体检",
      "扁平管理",
      "带薪年假",
      "调休假"
    ],
    "region": "杭州",
    "companyloge": "https://img01.51jobcdn.com/fansImg/CompLogo/7/6139/6138732/6138732_300.png?637395596158288828",
    "companyname": "杭州加速科技有限公司"
  },
  "145773610": {
    "name": "C++初级开发工程师",
    "salary": "1-2万·13薪",
    "welfare": [
      "3-4年",
      "本科",
      "c++",
      "分布式系统",
      "五险一金",
      "补充医疗保险",
      "员工旅游",
      "弹性工作",
      "定期体检",
      "绩效奖金",
      "餐饮补贴",
      "年终奖金"
    ],
    "region": "深圳·南山区",
    "companyloge": "https://img01.51jobcdn.com/fansImg/CompLogo/8/7528/7527208/164946628444329928257_300.png?1672128454237",
    "companyname": "贝格迈思（深圳）技术有限公司"
  },
  "145796302": {
    "name": "C++中高级开发工程师",
    "salary": "2.5-3.5万·14薪",
    "welfare": [
      "8-9年",
      "本科",
      "c++",
      "数据库",
      "五险一金",
      "员工旅游",
      "年终奖金",
      "定期体检",
      "股票期权",
      "婚育津贴",
      "培训补贴"
    ],
    "region": "北京·朝阳区",
    "companyloge": "https://img01.51jobcdn.com/fansImg/CompLogo/5/4737/4736798/4736798_300.jpg?637485495891421718",
    "companyname": "上海英方软件股份有限公司"
  },
  "145928820": {
    "name": "C++软件开发工程师",
    "salary": "1.5-2.5万",
    "welfare": [
      "2年",
      "本科",
      "c++",
      "嵌入式",
      "嵌入式linux",
      "应用软件开发",
      "tcp",
      "ip",
      "五险一金",
      "定期体检"
    ],
    "region": "重庆·渝北区",
    "companyloge": "https://img01.51jobcdn.com/fansImg/CompLogo/5/4945/4944794/4944794_300.jpg?636590434067863453",
    "companyname": "深圳市麦斯杰网络有限公司"
  },
  "146844370": {
    "name": "C/C++开发工程师",
    "salary": "1.5-2.5万·13薪",
    "welfare": [
      "3-4年",
      "本科",
      "linux",
      "c++",
      "qt",
      "项目开发",
      "五险一金",
      "补充医疗保险",
      "补充公积金",
      "年终奖金"
    ],
    "region": "深圳·坪山区",
    "companyloge": "https://img04.51jobcdn.com/im/mkt/app/51job_phone/app/homelogo/new/home_logo_default_medicalequipment.png",
    "companyname": "深圳市诺然美泰科技股份有限公司"
  },
  "147654850": {
    "name": "Linux C/C++高级软件工程师（网络方向）",
    "salary": "1.5-2.3万",
    "welfare": [
      "5-7年",
      "本科",
      "五险一金",
      "专业培训"
    ],
    "region": "西安·雁塔区",
    "companyloge": "https://img04.51jobcdn.com/im/mkt/app/51job_phone/app/homelogo/new/home_logo_default_software.png",
    "companyname": "格尔软件股份有限公司"
  },
  "147864734": {
    "name": "C/C++高级软件开发工程师",
    "salary": "2-2.5万·13薪",
    "welfare": [
      "1年",
      "硕士",
      "linux",
      "测试",
      "c++",
      "软件开发",
      "集成维护",
      "文档撰写",
      "cmake",
      "五险一金",
      "补充医疗保险",
      "员工旅游",
      "弹性工作",
      "定期体检",
      "年终奖金"
    ],
    "region": "成都·高新区",
    "companyloge": "https://img04.51jobcdn.com/im/mkt/app/51job_phone/app/homelogo/new/home_logo_default_imnetwork.png",
    "companyname": "成都图迅科技有限公司"
  },
  "148106192": {
    "name": "Linux C/C++中级软件工程师",
    "salary": "1-1.5万",
    "welfare": [
      "3-4年",
      "本科",
      "五险一金",
      "专业培训"
    ],
    "region": "西安·雁塔区",
    "companyloge": "https://img04.51jobcdn.com/im/mkt/app/51job_phone/app/homelogo/new/home_logo_default_software.png",
    "companyname": "格尔软件股份有限公司"
  },
  "148503784": {
    "name": "C/C++ 开发工程师",
    "salary": "1.2-2万",
    "welfare": [
      "2年",
      "本科",
      "五险一金",
      "补充医疗保险",
      "补充公积金"
    ],
    "region": "广州·番禺区",
    "companyloge": "https://img01.51jobcdn.com/fansImg/CompLogo/7/6940/6939156/439407797849045697250_300.png?1698388133909",
    "companyname": "广州守云科技有限公司"
  },
  "149305392": {
    "name": "C/C++软件工程师",
    "salary": "1.5-2.5万·13薪",
    "welfare": [
      "2年",
      "本科",
      "c++",
      "编程语言",
      "计算机",
      "算法",
      "导航",
      "应用软件",
      "电子通信",
      "导航制导",
      "五险一金",
      "补充医疗保险",
      "补充公积金",
      "餐饮补贴",
      "年终奖金",
      "定期体检",
      "员工旅游"
    ],
    "region": "苏州·吴中区",
    "companyloge": "https://img04.51jobcdn.com/im/mkt/app/51job_phone/app/homelogo/new/home_logo_default_elect.png",
    "companyname": "苏州亿波达光电子科技有限公司"
  },
  "150111927": {
    "name": "资深C++开发工程师",
    "salary": "1.5-2万",
    "welfare": [
      "5-7年",
      "本科",
      "c++",
      "Linux",
      "windows",
      "TCP/IP",
      "网络协议",
      "五险一金",
      "周末双休",
      "绩效奖金",
      "年终奖金",
      "专业培训",
      "弹性工作"
    ],
    "region": "西安·高新技术产业开发区",
    "companyloge": "https://img01.51jobcdn.com/fansImg/CompLogo/6/5608/5607688/21603294501541350894_300.png?1676346990134",
    "companyname": "网际软件（西安）有限公司"
  },
  "150270907": {
    "name": "C/C++高级软件开发工程师",
    "salary": "2-3万",
    "welfare": [
      "3-4年",
      "本科",
      "软件开发",
      "软件工程师",
      "Java",
      "c++",
      "C",
      "编程",
      "五险一金",
      "定期体检"
    ],
    "region": "上海·浦东新区",
    "companyloge": "https://img04.51jobcdn.com/im/mkt/app/51job_phone/app/homelogo/new/home_logo_default_software.png",
    "companyname": "丰盛信息科技（上海）有限公司"
  },
  "150304227": {
    "name": "网络开发工程师(C C++方向)",
    "salary": "1.5-2.5万·14薪",
    "welfare": [
      "2年",
      "硕士",
      "docker",
      "ip协议",
      "二层交换",
      "c++",
      "tcp",
      "开源软件",
      "电子信息",
      "软件研发",
      "五险一金",
      "绩效奖金",
      "年终奖金",
      "商业保险",
      "定期体检",
      "带薪年假",
      "扁平管理"
    ],
    "region": "广州·黄埔区",
    "companyloge": "https://img01.51jobcdn.com/fansImg/CompLogo/6/5272/5271402/5271402_300.png?637183983965358789",
    "companyname": "广东省新一代通信与网络创新研究院"
  },
  "150304261": {
    "name": "网络开发工程师(C C++方向)",
    "salary": "1.5-2.5万·14薪",
    "welfare": [
      "2年",
      "硕士",
      "docker",
      "ip协议",
      "二层交换",
      "c++",
      "tcp",
      "开源软件",
      "电子信息",
      "软件研发",
      "五险一金",
      "绩效奖金",
      "年终奖金",
      "商业保险",
      "定期体检",
      "带薪年假",
      "扁平管理"
    ],
    "region": "深圳·南山区",
    "companyloge": "https://img01.51jobcdn.com/fansImg/CompLogo/6/5272/5271402/5271402_300.png?637183983965358789",
    "companyname": "广东省新一代通信与网络创新研究院"
  },
  "150367614": {
    "name": "c/c++软件开发工程师",
    "salary": "1-2万",
    "welfare": [
      "2年",
      "本科",
      "年终奖金",
      "五险一金",
      "员工旅游",
      "定期体检",
      "节日福利",
      "弹性工作",
      "餐饮补贴"
    ],
    "region": "西安·高新技术产业开发区",
    "companyloge": "https://img01.51jobcdn.com/fansImg/CompLogo/3/2830/2829219/2829219_300.png?637495878063250382",
    "companyname": "深圳市儒科电子有限公司"
  },
  "150403165": {
    "name": "C++软件工程师",
    "salary": "2-4万",
    "welfare": [
      "5-7年",
      "本科",
      "linux",
      "c++",
      "c/c++",
      "分布式系统",
      "电子通信",
      "高并发系统",
      "理工",
      "软件开发",
      "五险一金",
      "补充医疗保险",
      "员工旅游",
      "绩效奖金"
    ],
    "region": "深圳·龙华区",
    "companyloge": "https://img01.51jobcdn.com/fansImg/CompLogo/4/3913/3912887/3912887_120.gif?636184574236569715",
    "companyname": "深圳市喜悦智慧数据有限公司"
  },
  "151461685": {
    "name": "Linux C/C++高级软件工程师（松江）",
    "salary": "2.4-3万",
    "welfare": [
      "5-7年",
      "本科",
      "linux",
      "c++",
      "php",
      "java",
      "Python",
      "五险一金",
      "专业培训",
      "定期体检",
      "员工旅游"
    ],
    "region": "上海·松江区",
    "companyloge": "https://img04.51jobcdn.com/im/mkt/app/51job_phone/app/homelogo/new/home_logo_default_software.png",
    "companyname": "格尔软件股份有限公司"
  },
  "152138281": {
    "name": "C++开发工程师",
    "salary": "1.5-2万",
    "welfare": [
      "3-4年",
      "本科",
      "linux",
      "c++",
      "ps",
      "项目开发",
      "http",
      "编程语言",
      "数据结构算法",
      "华为",
      "多线程编程",
      "udp",
      "五险一金",
      "员工旅游",
      "专业培训",
      "年终奖金",
      "周末双休",
      "包吃",
      "带薪年假"
    ],
    "region": "深圳·龙华区",
    "companyloge": "https://img04.51jobcdn.com/im/mkt/app/51job_phone/app/homelogo/new/home_logo_default_instrumentation.png",
    "companyname": "深圳市威尔电器有限公司"
  },
  "152246193": {
    "name": "C++开发工程师",
    "salary": "1.8-2.7万·14薪",
    "welfare": [
      "3-4年",
      "大专",
      "linux",
      "调试",
      "c++",
      "shell",
      "tcp",
      "编程语言",
      "数据结构算法",
      "调优",
      "golang",
      "lua",
      "五险一金",
      "弹性工作",
      "定期体检",
      "年终奖金",
      "交通补贴",
      "餐饮补贴",
      "通讯补贴",
      "员工旅游"
    ],
    "region": "长沙",
    "companyloge": "https://img01.51jobcdn.com/fansImg/CompLogo/4/3703/3702828/3702828_300.png?636875681398672910",
    "companyname": "深圳奥联信息安全技术有限公司"
  },
  "152338347": {
    "name": "c++软件开发工程师",
    "salary": "1.2-2万",
    "welfare": [
      "3-4年",
      "本科",
      "mysql",
      "oracle",
      "linux",
      "调试",
      "sqlserver",
      "c++",
      "编程",
      "研发",
      "数据结构",
      "shell",
      "五险一金",
      "定期体检",
      "周末双休",
      "带薪年假",
      "节日福利"
    ],
    "region": "广州·黄埔区",
    "companyloge": "https://img01.51jobcdn.com/fansImg/CompLogo/8/7559/7558272/206998577821046915993_300.png?1675147755564",
    "companyname": "深圳市南电云商有限公司"
  },
  "152344671": {
    "name": "高级应用软件工程师（C++/QT)方向",
    "salary": "1.5-2万",
    "welfare": [
      "3-4年",
      "本科",
      "c++",
      "餐饮补贴",
      "绩效奖金",
      "年终奖金",
      "定期体检",
      "专业培训",
      "股票期权",
      "六险一金"
    ],
    "region": "重庆·沙坪坝区",
    "companyloge": "https://img01.51jobcdn.com/fansImg/CompLogo/3/2197/2196023/2196023_300.jpg?637406043405118793",
    "companyname": "深圳普门科技股份有限公司"
  },
  "152351046": {
    "name": "C/C++研发（密码技术方向）(J10585)",
    "salary": "1.5-2.5万",
    "welfare": [
      "8-9年",
      "硕士",
      "c++",
      "python",
      "计算机",
      "五险一金",
      "补充医疗保险",
      "交通补贴",
      "餐饮补贴",
      "通讯补贴",
      "专业培训"
    ],
    "region": "成都",
    "companyloge": "https://img01.51jobcdn.com/fansImg/CompLogo/1/134/133795/293942332752337278968_300.png?1684137829644",
    "companyname": "中电科网络安全科技股份有限公司"
  },
  "152358357": {
    "name": "高级通信协议工程师（麦克风产品）",
    "salary": "1.8-2.5万",
    "welfare": [
      "8-9年",
      "本科",
      "计算机",
      "linux",
      "c++",
      "软件工程",
      "shell",
      "功能设计",
      "tcp",
      "代码风格",
      "编程习惯",
      "算法开发",
      "五险一金",
      "员工旅游",
      "年终奖金",
      "节日福利",
      "下午茶",
      "生日会"
    ],
    "region": "成都·高新区",
    "companyloge": "https://img01.51jobcdn.com/fansImg/CompLogo/4/3303/3302730/208760766521260001505_300.png?1676509800599",
    "companyname": "BOYA"
  },
  "152372580": {
    "name": "高级平台软件工程师(C++)",
    "salary": "2.5-3.5万·15薪",
    "welfare": [
      "5-7年",
      "本科",
      "计算机",
      "linux",
      "svn",
      "c++",
      "git",
      "软件开发",
      "编程",
      "软件工程",
      "数据结构",
      "运动控制",
      "五险一金",
      "餐饮补贴",
      "年终奖金",
      "项目奖金",
      "交通补贴",
      "定期体检",
      "绩效奖金",
      "定期团建",
      "免费班车",
      "节日福利"
    ],
    "region": "武汉·东湖新技术产业开发区",
    "companyloge": "https://img01.51jobcdn.com/fansImg/CompLogo/2/1531/1530869/234076570805986246491_300.png?1679041380258",
    "companyname": "武汉格蓝若智能技术股份有限公司"
  },
  "152378124": {
    "name": "软件开发工程师（C/C++）",
    "salary": "1-1.5万·13薪",
    "welfare": [
      "2年",
      "本科",
      "计算机",
      "linux",
      "svn",
      "c++",
      "git",
      "设计模式",
      "算法",
      "风控",
      "交易",
      "期货交易",
      "五险一金",
      "员工旅游",
      "交通补贴",
      "餐饮补贴",
      "专业培训",
      "绩效奖金"
    ],
    "region": "上海·浦东新区",
    "companyloge": "https://img01.51jobcdn.com/fansImg/CompLogo/3/2502/2501599/2501599_300.jpg?637807079231015036",
    "companyname": "上海凯道电子科技有限公司"
  },
  "152381954": {
    "name": "QT/C++ 软件工程师",
    "salary": "1.5-2.5万",
    "welfare": [
      "3-4年",
      "本科",
      "c++",
      "五险一金",
      "全勤奖",
      "专业培训",
      "免费班车",
      "餐饮补贴",
      "绩效奖金"
    ],
    "region": "深圳·福田区",
    "companyloge": "https://img01.51jobcdn.com/fansImg/CompLogo/2/1501/1500397/1500397_300.jpg?637432910715462341",
    "companyname": "深圳市吉斯迪科技有限公司"
  }
}