{
  "90386290": {
    "name": "软件工程师（C++）",
    "salary": "1-2万",
    "welfare": [
      "3-4年",
      "本科",
      "五险一金",
      "免费班车",
      "员工旅游",
      "年终奖金",
      "定期体检",
      "节日福利"
    ],
    "region": "北京·大兴区",
    "companyloge": "https://img04.51jobcdn.com/im/mkt/app/51job_phone/app/homelogo/new/home_logo_default_pharmacy.png",
    "companyname": "北京森美希克玛生物科技有限公司"
  },
  "129357840": {
    "name": "高级嵌入式软件工程师",
    "salary": "2.5-4万·14薪",
    "welfare": [
      "5-7年",
      "本科",
      "嵌入式",
      "嵌入式软件",
      "C/C++语言",
      "操作系统",
      "嵌入式技术",
      "五险一金",
      "交通补贴",
      "餐饮补贴",
      "通讯补贴",
      "绩效奖金",
      "年终奖金"
    ],
    "region": "北京",
    "companyloge": "https://img01.51jobcdn.com/fansImg/CompLogo/4/3821/3820918/3820918_300.png?637715549710826491",
    "companyname": "北京翼辉信息技术有限公司"
  },
  "129357916": {
    "name": "中级嵌入式软件工程师",
    "salary": "1.8-2.9万·14薪",
    "welfare": [
      "3-4年",
      "本科",
      "BSP开发",
      "驱动开发",
      "C/C++",
      "操作系统",
      "五险一金",
      "交通补贴",
      "餐饮补贴",
      "通讯补贴",
      "绩效奖金",
      "年终奖金"
    ],
    "region": "北京",
    "companyloge": "https://img01.51jobcdn.com/fansImg/CompLogo/4/3821/3820918/3820918_300.png?637715549710826491",
    "companyname": "北京翼辉信息技术有限公司"
  },
  "129382555": {
    "name": "组态软件研发工程师C++/QT",
    "salary": "1-2万",
    "welfare": [
      "2年",
      "本科",
      "QT",
      "C++",
      "软件工程师",
      "五险一金",
      "员工旅游",
      "交通补贴",
      "餐饮补贴",
      "定期体检",
      "绩效奖金",
      "年终奖金",
      "股票期权"
    ],
    "region": "北京·昌平区",
    "companyloge": "https://img04.51jobcdn.com/im/mkt/app/51job_phone/app/homelogo/new/home_logo_default_imnetwork.png",
    "companyname": "北京微控工业网关技术有限公司"
  },
  "131032774": {
    "name": "C/C++中高级软件研发工程师",
    "salary": "2-4万",
    "welfare": [
      "1年",
      "本科",
      "C++",
      "软件工程师",
      "软件开发",
      "软件",
      "c++",
      "嵌入式",
      "linux",
      "五险一金",
      "交通补贴",
      "餐饮补贴",
      "通讯补贴",
      "年终奖金",
      "定期体检"
    ],
    "region": "北京·海淀区",
    "companyloge": "https://img01.51jobcdn.com/fansImg/CompLogo/3/2951/2950366/2950366_300.png?637442432496662049",
    "companyname": "云涌科技"
  },
  "132450080": {
    "name": "Linux C/C++研发工程师",
    "salary": "1.8-2.7万",
    "welfare": [
      "3-4年",
      "本科",
      "c++",
      "4g/5g",
      "协议栈",
      "网络协议栈",
      "DPDK",
      "shell",
      "五险一金",
      "交通补贴",
      "餐饮补贴",
      "通讯补贴",
      "定期体检",
      "弹性工作"
    ],
    "region": "北京·朝阳区",
    "companyloge": "https://img01.51jobcdn.com/fansImg/CompLogo/6/5159/5158226/5158226_300.png?637593704582771048",
    "companyname": "北京赛思信安技术股份有限公司"
  },
  "133952906": {
    "name": "C/C++开发工程师-北京",
    "salary": "1-1.5万",
    "welfare": [
      "2年",
      "本科",
      "五险一金",
      "餐饮补贴",
      "定期体检",
      "年终奖金"
    ],
    "region": "北京",
    "companyloge": "https://img04.51jobcdn.com/im/mkt/app/51job_phone/app/homelogo/new/home_logo_default_software.png",
    "companyname": "中电福富信息科技有限公司"
  },
  "134417199": {
    "name": "C++软件工程师",
    "salary": "1.5-3万",
    "welfare": [
      "2年",
      "本科",
      "软件开发",
      "股票期权",
      "五险一金",
      "餐饮补贴",
      "年终奖金",
      "定期体检",
      "绩效奖金",
      "专业培训",
      "员工旅游",
      "补充公积金",
      "补充医疗保险"
    ],
    "region": "北京·海淀区",
    "companyloge": "https://img01.51jobcdn.com/fansImg/CompLogo/4/3275/3274527/3274527_120.gif?636009809728916614",
    "companyname": "深圳市紫光同创电子有限公司"
  },
  "134441404": {
    "name": "C++工程师",
    "salary": "1.5-2.5万",
    "welfare": [
      "3-4年",
      "本科",
      "c++",
      "五险一金",
      "补充医疗保险",
      "员工旅游",
      "餐饮补贴",
      "专业培训",
      "出国机会",
      "绩效奖金",
      "年终奖金",
      "股票期权",
      "弹性工作"
    ],
    "region": "北京·海淀区",
    "companyloge": "https://img04.51jobcdn.com/im/mkt/app/51job_phone/app/homelogo/new/home_logo_default_elect.png",
    "companyname": "北京博源恒芯科技股份有限公司"
  },
  "135451435": {
    "name": "C++开发工程师",
    "salary": "1-1.5万",
    "welfare": [
      "2年",
      "本科",
      "C++",
      "五险一金",
      "餐饮补贴",
      "带薪年假",
      "带薪病假"
    ],
    "region": "北京·海淀区",
    "companyloge": "https://img04.51jobcdn.com/im/mkt/app/51job_phone/app/homelogo/new/home_logo_default_elect.png",
    "companyname": "北京博源恒芯科技股份有限公司"
  },
  "138124203": {
    "name": "嵌入式软件研发工程师",
    "salary": "2-2.5万",
    "welfare": [
      "无需经验",
      "本科",
      "嵌入式软件",
      "软件工程师",
      "五险一金",
      "补充医疗保险",
      "员工旅游",
      "出国机会",
      "弹性工作",
      "年终奖金",
      "绩效奖金",
      "交通补贴",
      "餐饮补贴",
      "股票期权"
    ],
    "region": "北京·海淀区",
    "companyloge": "https://img04.51jobcdn.com/im/mkt/app/51job_phone/app/homelogo/new/home_logo_default_software.png",
    "companyname": "北京英瑞博系统技术股份有限公司"
  },
  "138932068": {
    "name": "C++开发工程师",
    "salary": "1-2万",
    "welfare": [
      "3-4年",
      "本科",
      "C++",
      "软件工程师",
      "软件开发",
      "软件",
      "c++",
      "c",
      "五险一金",
      "交通补贴",
      "绩效奖金",
      "年终奖金"
    ],
    "region": "北京·海淀区",
    "companyloge": "https://img04.51jobcdn.com/im/mkt/app/51job_phone/app/homelogo/new/home_logo_default_elect.png",
    "companyname": "北京贝成科技有限公司"
  },
  "138932469": {
    "name": "C++高级开发工程师",
    "salary": "1.5-3万",
    "welfare": [
      "5-7年",
      "本科",
      "C++",
      "软件工程师",
      "软件开发",
      "五险一金",
      "交通补贴",
      "绩效奖金",
      "年终奖金"
    ],
    "region": "北京·海淀区",
    "companyloge": "https://img04.51jobcdn.com/im/mkt/app/51job_phone/app/homelogo/new/home_logo_default_elect.png",
    "companyname": "北京贝成科技有限公司"
  },
  "139015701": {
    "name": "C++开发工程师",
    "salary": "40-80万/年",
    "welfare": [
      "3-4年",
      "硕士",
      "C++",
      "软件工程师",
      "EDA",
      "五险一金",
      "补充医疗保险",
      "补充公积金",
      "员工旅游",
      "交通补贴",
      "通讯补贴",
      "年终奖金",
      "定期体检"
    ],
    "region": "北京·东城区",
    "companyloge": "https://img01.51jobcdn.com/fansImg/CompLogo/6/5323/5322812/79341635806593449218_300.png?1662381509045",
    "companyname": "深圳鸿芯微纳技术有限公司"
  },
  "139552478": {
    "name": "C++开发工程师",
    "salary": "1.5-3万",
    "welfare": [
      "3-4年",
      "本科",
      "五险一金",
      "通讯补贴",
      "年终奖金",
      "周末双休",
      "绩效奖金",
      "全勤奖",
      "节日福利"
    ],
    "region": "北京·丰台区",
    "companyloge": "https://img01.51jobcdn.com/fansImg/CompLogo/5/4230/4229692/4229692_300.jpg?636548484838127745",
    "companyname": "广州辰创科技发展有限公司"
  },
  "141697991": {
    "name": "C/C++开发工程师",
    "salary": "1-2万",
    "welfare": [
      "3-4年",
      "本科",
      "c++",
      "出差补贴",
      "五险一金",
      "包午餐",
      "节日福利",
      "定期体检",
      "做五休二"
    ],
    "region": "北京·海淀区",
    "companyloge": "https://img04.51jobcdn.com/im/mkt/app/51job_phone/app/homelogo/home_logo_default.png",
    "companyname": "中国铁道科学研究院集团有限公司铁道建筑研究所下属企业"
  },
  "145884965": {
    "name": "C++开发工程师",
    "salary": "1.5-2.5万",
    "welfare": [
      "2年",
      "本科",
      "c++",
      "gis",
      "linux",
      "vs",
      "osg",
      "stl",
      "qtcreator",
      "svn",
      "数据库",
      "地理信息"
    ],
    "region": "北京·朝阳区",
    "companyloge": "https://img01.51jobcdn.com/fansImg/CompLogo/3/2487/2486667/2486667_300.png?637382935967626470",
    "companyname": "北京国遥新天地信息技术股份有限公司"
  },
  "146499180": {
    "name": "C/C++开发工程师",
    "salary": "1.3-2.5万",
    "welfare": [
      "3-4年",
      "本科",
      "docker",
      "k8s",
      "多线程",
      "软件开发",
      "linux",
      "五险一金",
      "年终奖金",
      "交通补贴",
      "餐饮补贴",
      "弹性工作",
      "定期体检",
      "通讯补贴",
      "专业培训"
    ],
    "region": "北京·朝阳区",
    "companyloge": "https://img01.51jobcdn.com/fansImg/CompLogo/1/299/299000/299000_300.jpg?636874664947195199",
    "companyname": "新华三技术有限公司"
  },
  "146739115": {
    "name": "C++后台开发",
    "salary": "1.3-2万",
    "welfare": [
      "3-4年",
      "本科",
      "c++",
      "qt开发",
      "windows",
      "oracle",
      "mysql",
      "stl",
      "软件开发",
      "tcp",
      "ip协议",
      "opengl",
      "五险一金",
      "专业培训",
      "定期体检",
      "周末双休",
      "聚餐下午茶",
      "免费班车",
      "弹性工作"
    ],
    "region": "北京·朝阳区",
    "companyloge": "https://img04.51jobcdn.com/im/mkt/app/51job_phone/app/homelogo/new/home_logo_default_software.png",
    "companyname": "湖南拓维云创科技有限责任公司"
  },
  "146840340": {
    "name": "C++ QT 开发工程师",
    "salary": "1.5-2万",
    "welfare": [
      "2年",
      "大专",
      "c++",
      "qt开发",
      "visualstudio",
      "五险一金",
      "年终奖金"
    ],
    "region": "北京",
    "companyloge": "https://img01.51jobcdn.com/fansImg/CompLogo/7/6491/6490590/6490590_300.png?637547691399713375",
    "companyname": "郑州辰而将行软件科技有限公司"
  },
  "147042571": {
    "name": "windows C++",
    "salary": "2-3万",
    "welfare": [
      "3-4年",
      "本科",
      "c++",
      "定期体检",
      "五险一金",
      "节日福利"
    ],
    "region": "北京·海淀区",
    "companyloge": "https://img01.51jobcdn.com/fansImg/CompLogo/3/2017/2016323/2016323_300.png?636738133049757540",
    "companyname": "阳光雨露信息技术服务（北京）有限公司"
  },
  "147451041": {
    "name": "C++音视频开发工程师",
    "salary": "1.2-1.8万",
    "welfare": [
      "2年",
      "本科",
      "周末双休",
      "带薪年假",
      "五险一金",
      "节日福利",
      "免费班车",
      "餐饮补贴",
      "加班补贴"
    ],
    "region": "北京·海淀区",
    "companyloge": "https://img01.51jobcdn.com/fansImg/CompLogo/1/142/141224/141224_120.gif?635700457677878894",
    "companyname": "北京竞业达数码科技股份有限公司"
  },
  "147473988": {
    "name": "医疗软件工程师（C++）",
    "salary": "2-3.5万·14薪",
    "welfare": [
      "2年",
      "本科"
    ],
    "region": "北京",
    "companyloge": "https://img04.51jobcdn.com/im/mkt/app/51job_phone/app/homelogo/new/home_logo_default_software.png",
    "companyname": "嘉信商务管理咨询（大连）有限公司"
  },
  "147567433": {
    "name": "WW-中级嵌入式Linux开发工程师",
    "salary": "1.5-2.5万·13薪",
    "welfare": [
      "3-4年",
      "本科",
      "linux",
      "嵌入式",
      "界面",
      "嵌入式linux",
      "年终奖金",
      "员工旅游",
      "定期体检",
      "专业培训",
      "通讯补贴",
      "餐饮补贴",
      "一年加薪一次",
      "免费班车",
      "六险一金"
    ],
    "region": "北京·昌平区",
    "companyloge": "https://img01.51jobcdn.com/fansImg/CompLogo/1/693/692605/692605_300.png?637401668636192943",
    "companyname": "北京万维盈创科技发展有限公司"
  },
  "148373278": {
    "name": "C++开发工程师",
    "salary": "2-2.5万·14薪",
    "welfare": [
      "5-7年",
      "本科",
      "五险一金",
      "弹性工作",
      "定期体检"
    ],
    "region": "北京·朝阳区",
    "companyloge": "https://img01.51jobcdn.com/fansImg/CompLogo/5/4737/4736798/4736798_300.jpg?637485495891421718",
    "companyname": "上海英方软件股份有限公司"
  },
  "148905627": {
    "name": "C++QT开发工程师",
    "salary": "1.5-2.5万",
    "welfare": [
      "2年",
      "本科",
      "c++",
      "qt",
      "linux",
      "mysql",
      "qt框架",
      "qtcreator",
      "direct3d",
      "ip协议",
      "tcp",
      "oracle",
      "五险一金",
      "专业培训",
      "定期体检",
      "周末双休",
      "聚餐下午茶",
      "免费班车",
      "弹性工作"
    ],
    "region": "北京·朝阳区",
    "companyloge": "https://img04.51jobcdn.com/im/mkt/app/51job_phone/app/homelogo/new/home_logo_default_software.png",
    "companyname": "湖南拓维云创科技有限责任公司"
  },
  "149285734": {
    "name": "C++开发工程师",
    "salary": "1.3-2.6万",
    "welfare": [
      "3-4年",
      "本科",
      "c++",
      "系统开发",
      "linux",
      "嵌入式",
      "C语言",
      "后端开发",
      "Winform",
      "WFC"
    ],
    "region": "北京",
    "companyloge": "https://img04.51jobcdn.com/im/mkt/app/51job_phone/app/homelogo/new/home_logo_default_software.png",
    "companyname": "北京鼎腾科技有限公司"
  },
  "149305520": {
    "name": "C++软件工程师(J10094)",
    "salary": "2.5-3万",
    "welfare": [
      "3-4年",
      "本科",
      "五险一金",
      "年终奖金",
      "补充医疗保险",
      "定期体检"
    ],
    "region": "北京·大兴区",
    "companyloge": "https://img01.51jobcdn.com/fansImg/CompLogo/6/5805/5804401/213368469714168412846_300.png?1676970585705",
    "companyname": "盛吉盛（宁波）半导体科技有限公司"
  },
  "149781812": {
    "name": "软件工程师C++",
    "salary": "1.5-3万·15薪",
    "welfare": [
      "3-4年",
      "本科",
      "c++",
      "tcp",
      "五险一金",
      "员工旅游",
      "交通补贴",
      "专业培训",
      "绩效奖金",
      "年终奖金",
      "定期体检"
    ],
    "region": "北京·海淀区",
    "companyloge": "https://img01.51jobcdn.com/fansImg/CompLogo/3/2321/2320941/2320941_300.png?637007757070330849",
    "companyname": "杭州长川科技股份有限公司"
  },
  "149783542": {
    "name": "高级软件开发工程师2981",
    "salary": "1-2万·13薪",
    "welfare": [
      "5-7年",
      "本科",
      "五险一金",
      "补充医疗保险",
      "免费班车"
    ],
    "region": "北京·顺义区",
    "companyloge": "https://img01.51jobcdn.com/fansImg/CompLogo/3/2725/2724916/2724916_120.gif?636444882142311592",
    "companyname": "中国民航信息网络股份有限公司"
  },
  "149830565": {
    "name": "C++开发工程师",
    "salary": "1-1.5万",
    "welfare": [
      "1年",
      "本科",
      "c++",
      "数学",
      "mysql",
      "python",
      "五险一金",
      "专业培训",
      "绩效奖金",
      "年终奖金"
    ],
    "region": "北京·石景山区",
    "companyloge": "https://img04.51jobcdn.com/im/mkt/app/51job_phone/app/homelogo/new/home_logo_default_compuserve.png",
    "companyname": "北京迪生数字娱乐科技股份有限公司"
  },
  "150866993": {
    "name": "C++研发工程师",
    "salary": "1-1.8万",
    "welfare": [
      "3-4年",
      "本科",
      "c++",
      "数据结构",
      "设计模式",
      "动画",
      "渲染",
      "算法",
      "硬件架构",
      "ue4框架",
      "五险一金",
      "补充医疗保险",
      "餐饮补贴",
      "定期体检",
      "年终奖金"
    ],
    "region": "北京·西城区",
    "companyloge": "https://img04.51jobcdn.com/im/mkt/app/51job_phone/app/homelogo/new/home_logo_default_software.png",
    "companyname": "北京城垣数字科技有限责任公司"
  },
  "150945058": {
    "name": "C++开发工程师",
    "salary": "2-3万",
    "welfare": [
      "10年以上",
      "本科",
      "linux",
      "python",
      "gcc",
      "shell",
      "java",
      "c++",
      "五险一金",
      "弹性工作",
      "补充医疗保险",
      "免费班车"
    ],
    "region": "北京",
    "companyloge": "https://img04.51jobcdn.com/im/mkt/app/51job_phone/app/homelogo/new/home_logo_default_software.png",
    "companyname": "华信永益（北京）信息技术有限公司"
  },
  "151071744": {
    "name": "C++开发工程师",
    "salary": "1.8-2.1万",
    "welfare": [
      "5-7年",
      "本科",
      "前端开发",
      "windows",
      "跨平台开发",
      "DirectX开发",
      "directx",
      "wpf",
      "win32api",
      "五险一金",
      "绩效奖金",
      "餐饮补贴",
      "交通补贴"
    ],
    "region": "北京·海淀区",
    "companyloge": "https://img04.51jobcdn.com/im/mkt/app/51job_phone/app/homelogo/new/home_logo_default_elect.png",
    "companyname": "深圳市秦创信息科技有限责任公司"
  },
  "151387488": {
    "name": "程序开发",
    "salary": "1-1.2万",
    "welfare": [
      "1年",
      "硕士",
      "计算机",
      "java",
      "管理",
      "c++",
      "软件开发",
      "编程",
      "编程语言",
      "软件设计",
      "文档管理",
      "管理团队成员",
      "五险一金",
      "住宿",
      "交通补贴",
      "餐饮补贴"
    ],
    "region": "北京·海淀区",
    "companyloge": "https://img04.51jobcdn.com/im/mkt/app/51job_phone/app/homelogo/new/home_logo_default_edu.png",
    "companyname": "北京艺术传媒职业学院"
  },
  "151396326": {
    "name": "C++开发工程师",
    "salary": "1.2-2万",
    "welfare": [
      "2年",
      "本科",
      "oracle",
      "数据库",
      "linux",
      "svn",
      "c++",
      "git",
      "软件开发",
      "代码编写",
      "项目开发",
      "QT"
    ],
    "region": "北京",
    "companyloge": "https://img01.51jobcdn.com/fansImg/CompLogo/3/2487/2486667/2486667_300.png?637382935967626470",
    "companyname": "北京国遥新天地信息技术股份有限公司"
  },
  "151446865": {
    "name": "C/C++分布式存储开发工程师",
    "salary": "2.5-5万",
    "welfare": [
      "3-4年"
    ],
    "region": "北京",
    "companyloge": "https://img01.51jobcdn.com/fansImg/CompLogo/5/4401/4400526/4400526_300.png?637439174362178773",
    "companyname": "美团"
  },
  "151647499": {
    "name": "软件工程师（C++）",
    "salary": "2-3万·13薪",
    "welfare": [
      "3-4年",
      "本科",
      "计算机",
      "c++",
      "windows",
      "软件工程",
      "代码编写",
      "技术研发",
      "direct3d",
      "opengl",
      "五险一金",
      "补充医疗保险",
      "通讯补贴",
      "专业培训"
    ],
    "region": "北京",
    "companyloge": "https://img01.51jobcdn.com/fansImg/CompLogo/3/2531/2530690/2530690_120.gif?636401304168597300",
    "companyname": "正雅齿科科技（上海）有限公司"
  },
  "151780942": {
    "name": "linux C++开发工程师",
    "salary": "1.2-2.4万",
    "welfare": [
      "3-4年",
      "本科",
      "linux",
      "测试",
      "c++",
      "编码",
      "多线程编程",
      "技术研究",
      "内存管理",
      "安全行业",
      "设计",
      "网络io",
      "五险一金",
      "餐饮补贴",
      "通讯补贴",
      "弹性工作",
      "定期体检",
      "年终奖金",
      "节日福利"
    ],
    "region": "北京·海淀区",
    "companyloge": "https://img01.51jobcdn.com/fansImg/CompLogo/4/3112/3111043/3111043_300.jpg?637729133654246506",
    "companyname": "昆仑太科（北京）技术股份有限公司"
  },
  "151781024": {
    "name": "Windows C++开发工程师",
    "salary": "1.2-2.4万",
    "welfare": [
      "3-4年",
      "本科",
      "测试",
      "调试",
      "c++",
      "windows",
      "编码",
      "技术研究",
      "文档",
      "安全行业",
      "网络编程",
      "windbg",
      "五险一金",
      "餐饮补贴",
      "通讯补贴",
      "弹性工作",
      "定期体检",
      "年终奖金",
      "节日福利"
    ],
    "region": "北京·海淀区",
    "companyloge": "https://img01.51jobcdn.com/fansImg/CompLogo/4/3112/3111043/3111043_300.jpg?637729133654246506",
    "companyname": "昆仑太科（北京）技术股份有限公司"
  },
  "151895365": {
    "name": "C++开发工程师",
    "salary": "1.5-2.5万",
    "welfare": [
      "3-4年",
      "本科",
      "计算机",
      "oracle",
      "软件开发",
      "解决方案",
      "项目开发",
      "金融行业",
      "资产管理",
      "tcp",
      "存储过程",
      "多线程编程",
      "五险一金",
      "员工旅游",
      "交通补贴",
      "通讯补贴",
      "专业培训",
      "年终奖金",
      "股票期权",
      "定期体检"
    ],
    "region": "北京·西城区",
    "companyloge": "https://img01.51jobcdn.com/fansImg/CompLogo/1/149/148601/148601_120.gif?635700457695663122",
    "companyname": "深圳市金证科技股份有限公司"
  },
  "152095090": {
    "name": "C++开发工程师",
    "salary": "3-5万·14薪",
    "welfare": [
      "3-4年",
      "本科",
      "计算机",
      "自动化",
      "c++",
      "git",
      "软件工程",
      "项目开发",
      "docker",
      "电子信息",
      "编码习惯",
      "代码结构"
    ],
    "region": "北京·朝阳区",
    "companyloge": "https://img04.51jobcdn.com/im/mkt/app/51job_phone/app/homelogo/new/home_logo_default_software.png",
    "companyname": "潍坊赢启信息科技有限公司"
  },
  "152238426": {
    "name": "c++开发工程师",
    "salary": "7千-1.4万·13薪",
    "welfare": [
      "1年",
      "本科",
      "c++",
      "linux",
      "移动操作系统",
      "带薪年假",
      "节日福利",
      "周末双休",
      "餐饮补贴",
      "13薪",
      "补充医疗保险",
      "定期体检",
      "五险一金"
    ],
    "region": "北京",
    "companyloge": "https://img01.51jobcdn.com/fansImg/CompLogo/7/6205/6204106/6204106_300.png?637429485505170839",
    "companyname": "北京白菜天下科技有限公司"
  },
  "152259211": {
    "name": "C++开发工程师",
    "salary": "1.5-1.8万",
    "welfare": [
      "2年",
      "大专",
      "oracle",
      "linux",
      "c++",
      "软件开发",
      "编程",
      "c语言",
      "tcp",
      "计算机软件",
      "socket",
      "数据库开发",
      "五险一金",
      "定期体检",
      "专业培训"
    ],
    "region": "大连·甘井子区",
    "companyloge": "https://img01.51jobcdn.com/fansImg/CompLogo/6/5899/5898004/5898004_300.png?637266925368893511",
    "companyname": "上海得逸信息技术有限公司"
  },
  "152266041": {
    "name": "DDS开发工程师",
    "salary": "1.2-1.5万",
    "welfare": [
      "3-4年",
      "本科"
    ],
    "region": "北京·昌平区",
    "companyloge": "https://img04.51jobcdn.com/im/mkt/app/51job_phone/app/homelogo/new/home_logo_default_software.png",
    "companyname": "北京开元格物科技有限公司"
  },
  "152267483": {
    "name": "C++开发工程师",
    "salary": "1.5-3万·13薪",
    "welfare": [
      "3-4年",
      "本科",
      "c++",
      "文档编写",
      "代码编写",
      "单元测试",
      "计算机软件",
      "仿真",
      "雷达",
      "航空航天",
      "qt软件开发",
      "迭代开发",
      "五险一金",
      "餐饮补贴",
      "绩效奖金",
      "专业培训",
      "弹性工作",
      "周末双休",
      "带薪年假"
    ],
    "region": "北京·海淀区",
    "companyloge": "https://img01.51jobcdn.com/fansImg/CompLogo/4/3847/3846285/1653447694651_300.jpeg?1653447697587",
    "companyname": "上海索辰信息科技股份有限公司"
  },
  "152277149": {
    "name": "算力网络软件开发工程师",
    "salary": "1.5-3万·13薪",
    "welfare": [
      "2年",
      "本科",
      "java",
      "linux",
      "测试",
      "需求分析",
      "c++",
      "git",
      "软件开发",
      "编程",
      "研发",
      "项目开发",
      "年底双薪",
      "绩效奖金",
      "带薪年假",
      "五险一金",
      "午餐补助"
    ],
    "region": "北京",
    "companyloge": "https://img01.51jobcdn.com/fansImg/CompLogo/9/8241/8240333/452094788515468966729_300.png?1699953074405",
    "companyname": "中国移动通信有限公司研究院"
  },
  "152277366": {
    "name": "软件开发工程师",
    "salary": "1.5-3万·13薪",
    "welfare": [
      "3-4年",
      "本科",
      "计算机",
      "java",
      "mysql",
      "linux",
      "c++",
      "git",
      "软件工程",
      "产品开发",
      "shell",
      "编码",
      "年底双薪",
      "绩效奖金",
      "带薪年假",
      "五险一金",
      "午餐补助"
    ],
    "region": "北京",
    "companyloge": "https://img01.51jobcdn.com/fansImg/CompLogo/9/8241/8240333/452094788515468966729_300.png?1699953074405",
    "companyname": "中国移动通信有限公司研究院"
  },
  "152320056": {
    "name": "嵌入式软件开发工程师",
    "salary": "2-3万",
    "welfare": [
      "2年",
      "本科",
      "计算机",
      "电子",
      "eclipse",
      "汽车行业",
      "自动化",
      "c++",
      "通信",
      "原理图",
      "测试环境",
      "matlab",
      "补充医疗保险",
      "五险一金",
      "餐饮补贴",
      "补充公积金",
      "交通补贴",
      "免费班车",
      "绩效奖金",
      "年终奖金",
      "定期体检"
    ],
    "region": "上海·松江区",
    "companyloge": "https://img04.51jobcdn.com/im/mkt/app/51job_phone/app/homelogo/new/home_logo_default_newenergy.png",
    "companyname": "上海秣蓝新能源科技有限公司"
  },
  "152344712": {
    "name": "嵌入式软件工程师",
    "salary": "3-5万·15薪",
    "welfare": [
      "5-7年",
      "本科",
      "计算机",
      "电子",
      "开发",
      "调试",
      "自动化",
      "汽车构造",
      "c++",
      "编程",
      "代码编写",
      "车辆工程"
    ],
    "region": "北京·朝阳区",
    "companyloge": "https://img04.51jobcdn.com/im/mkt/app/51job_phone/app/homelogo/new/home_logo_default_software.png",
    "companyname": "潍坊赢启信息科技有限公司"
  }
}