{
  "45222860": {
    "name": "软件开发工程师（急聘）",
    "salary": "4.3-5.8千",
    "welfare": [
      "1年",
      "本科",
      "软件开发",
      "web",
      "jquery",
      "java",
      "五险一金",
      "专业培训",
      "绩效奖金",
      "周末双休",
      "法定节假日"
    ],
    "region": "昆明·五华区",
    "companyloge": "https://img04.51jobcdn.com/im/mkt/app/51job_phone/app/homelogo/new/home_logo_default_software.png",
    "companyname": "云南香农信息技术有限公司"
  },
  "110471621": {
    "name": "高级C++开发工程师",
    "salary": "1-1.2万",
    "welfare": [
      "2年",
      "本科",
      "高级软件开发",
      "周末双休",
      "五险一金",
      "包三餐",
      "绩效奖金",
      "节日福利"
    ],
    "region": "昆明",
    "companyloge": "https://img01.51jobcdn.com/fansImg/CompLogo/3/2390/2389520/2389520_300.png?636554998589941100",
    "companyname": "昆明安泰得软件股份有限公司"
  },
  "117625510": {
    "name": "运维工程师",
    "salary": "4-6千",
    "welfare": [
      "1年",
      "大专",
      "运维工程师",
      "运维",
      "数据库",
      "linux",
      "sql",
      "oracle数据库",
      "软件开发",
      "运维工程"
    ],
    "region": "昆明·盘龙区",
    "companyloge": "https://img01.51jobcdn.com/fansImg/CompLogo/4/3423/3422781/3422781_120.gif?636226934237362060",
    "companyname": "昆明安舍科技有限公司"
  },
  "119922571": {
    "name": "C++开发工程师（BIM开发）",
    "salary": "6千-1.2万",
    "welfare": [
      "1年",
      "本科",
      "C++",
      "软件工程师",
      "软件开发",
      "五险一金",
      "周末双休",
      "包三餐",
      "年终奖金",
      "专业培训",
      "带薪年假"
    ],
    "region": "昆明",
    "companyloge": "https://img01.51jobcdn.com/fansImg/CompLogo/3/2390/2389520/2389520_300.png?636554998589941100",
    "companyname": "昆明安泰得软件股份有限公司"
  },
  "121983000": {
    "name": "软件开发工程师",
    "salary": "8-15万/年",
    "welfare": [
      "1年",
      "本科",
      "软件开发",
      "医疗软件",
      "开发",
      "研发",
      "c++",
      "c#",
      "java",
      "计算机",
      "数据库",
      "asp.net",
      "年终奖金",
      "绩效奖金",
      "交通补贴",
      "餐饮补贴",
      "通讯补贴",
      "半年加薪",
      "年定双薪",
      "带薪年假",
      "提供住房"
    ],
    "region": "昆明",
    "companyloge": "https://img04.51jobcdn.com/im/mkt/app/51job_phone/app/homelogo/new/home_logo_default_software.png",
    "companyname": "云南新八达科技有限公司"
  },
  "122228021": {
    "name": "UE4实习程序员",
    "salary": "3-5千",
    "welfare": [
      "无需经验",
      "本科",
      "UE4",
      "游戏",
      "vr",
      "游戏开发",
      "五险一金",
      "员工旅游",
      "年终奖金",
      "节日福利",
      "带薪年假",
      "周末双休"
    ],
    "region": "昆明·呈贡区",
    "companyloge": "https://img01.51jobcdn.com/fansImg/CompLogo/5/4118/4117761/4117761_120.gif?636252737976602832",
    "companyname": "深圳市瑞立视多媒体科技有限公司"
  },
  "129039254": {
    "name": "系统支持专员",
    "salary": "4.5-6千",
    "welfare": [
      "无需经验",
      "大专",
      "节日福利",
      "五险一金",
      "专业培训"
    ],
    "region": "昆明·盘龙区",
    "companyloge": "https://img04.51jobcdn.com/im/mkt/app/51job_phone/app/homelogo/new/home_logo_default_pluralistic.png",
    "companyname": "健之佳医药连锁集团股份有限公司"
  },
  "129066329": {
    "name": "技术支持工程师",
    "salary": "6-8千",
    "welfare": [
      "1年",
      "大专",
      "技术",
      "工程师",
      "软件",
      "通信",
      "自动化",
      "五险一金",
      "餐饮补贴",
      "年终奖金",
      "绩效奖金"
    ],
    "region": "昆明",
    "companyloge": "https://img04.51jobcdn.com/im/mkt/app/51job_phone/app/homelogo/new/home_logo_default_elect.png",
    "companyname": "中星数创（云南）科技有限公司"
  },
  "129711716": {
    "name": "上位机软件工程师",
    "salary": "8千-1.2万",
    "welfare": [
      "3-4年",
      "本科",
      "五险一金",
      "员工旅游",
      "通讯补贴",
      "专业培训",
      "出国机会",
      "绩效奖金",
      "年终奖金",
      "股票期权",
      "弹性工作",
      "定期体检"
    ],
    "region": "昆明·西山区",
    "companyloge": "https://img04.51jobcdn.com/im/mkt/app/51job_phone/app/homelogo/new/home_logo_default_pluralistic.png",
    "companyname": "海底鹰深海科技股份有限公司"
  },
  "132305971": {
    "name": "UE4程序员（昆明）",
    "salary": "6千-1.2万",
    "welfare": [
      "2年",
      "本科",
      "UE4",
      "C++",
      "五险一金",
      "节日福利",
      "带薪年假",
      "通讯补贴",
      "年底双薪",
      "高温补贴",
      "股票期权",
      "绩效奖金",
      "周末双休"
    ],
    "region": "昆明·呈贡区",
    "companyloge": "https://img01.51jobcdn.com/fansImg/CompLogo/5/4118/4117761/4117761_120.gif?636252737976602832",
    "companyname": "深圳市瑞立视多媒体科技有限公司"
  },
  "136220045": {
    "name": "U3D开发工程师(软件开发工程师）",
    "salary": "10-15万/年",
    "welfare": [
      "1年",
      "本科",
      "软件",
      "软件开发",
      "工程师",
      "开发",
      "技术支持",
      "计算机",
      "互联网",
      "五险一金",
      "专业培训",
      "补充医疗保险",
      "定期体检",
      "免费班车",
      "员工旅游",
      "交通补贴",
      "餐饮补贴",
      "通讯补贴",
      "绩效奖金"
    ],
    "region": "昆明·五华区",
    "companyloge": "https://img01.51jobcdn.com/fansImg/CompLogo/3/2545/2544048/172824588679879347490_300.png?1672026052825",
    "companyname": "昆明鼎承科技有限公司"
  },
  "137645027": {
    "name": "设备应用软件开发工程师",
    "salary": "6-9千",
    "welfare": [
      "1年",
      "本科",
      "周末双休",
      "带薪年假",
      "五险一金",
      "专业培训",
      "绩效奖金",
      "定期体检",
      "年终奖金"
    ],
    "region": "昆明",
    "companyloge": "https://img04.51jobcdn.com/im/mkt/app/51job_phone/app/homelogo/new/home_logo_default_software.png",
    "companyname": "云南南天电子信息产业股份有限公司"
  },
  "138871520": {
    "name": "技术服务工程师",
    "salary": "5-7千",
    "welfare": [
      "无需经验",
      "大专"
    ],
    "region": "昆明·五华区",
    "companyloge": "https://img01.51jobcdn.com/fansImg/CompLogo/7/6347/6346508/6346508_300.jpg?637502988014750019",
    "companyname": "英飞达软件（上海）有限公司杭州分公司"
  },
  "140447801": {
    "name": "linux软件工程师",
    "salary": "6千-1.2万·13薪",
    "welfare": [
      "无需经验",
      "本科",
      "数据库",
      "java",
      "linux",
      "五险一金",
      "定期体检",
      "绩效奖金",
      "弹性工作",
      "13薪",
      "出差补贴",
      "员工旅游"
    ],
    "region": "昆明·五华区",
    "companyloge": "https://img04.51jobcdn.com/im/mkt/app/51job_phone/app/homelogo/new/home_logo_default_software.png",
    "companyname": "云南酷联科技有限公司"
  },
  "140641690": {
    "name": "数通工程师",
    "salary": "7千-1.4万",
    "welfare": [
      "无需经验",
      "大专",
      "数通",
      "接入网",
      "数据接入",
      "HCIP",
      "HCIA",
      "五险一金",
      "绩效奖金",
      "带薪年假",
      "定期体检",
      "包住",
      "交通补贴"
    ],
    "region": "昆明·西山区",
    "companyloge": "https://img01.51jobcdn.com/fansImg/CompLogo/1/379/378082/378082_120.gif?635700457156520210",
    "companyname": "嘉环科技股份有限公司"
  },
  "140740453": {
    "name": "网络工程师",
    "salary": "4-8千",
    "welfare": [
      "2年",
      "大专",
      "通信",
      "安装调试",
      "计算机网络",
      "通信工程",
      "华为",
      "现场实施",
      "施工队伍管理",
      "定期体检",
      "带薪年假",
      "五险",
      "专业培训",
      "弹性工作",
      "商业保险",
      "证书奖励"
    ],
    "region": "昆明",
    "companyloge": "https://img01.51jobcdn.com/fansImg/CompLogo/3/2720/2719332/2719332_300.png?637383791514230842",
    "companyname": "广州市紫晶通信科技有限公司"
  },
  "141973151": {
    "name": "软件工程师",
    "salary": "6千-1万",
    "welfare": [
      "3-4年",
      "本科",
      "维护",
      "水利信息化",
      "数据采集平台",
      "五险一金"
    ],
    "region": "昆明",
    "companyloge": "https://img01.51jobcdn.com/fansImg/CompLogo/5/4684/4683157/4683157_120.gif?636414314690882621",
    "companyname": "云南润晶工程技术（集团）股份有限公司"
  },
  "142650284": {
    "name": "网络安全工程师",
    "salary": "8千-1.4万",
    "welfare": [
      "3-4年",
      "大专",
      "linux",
      "CISP/CISSP",
      "CISAW",
      "网络安全",
      "漏洞扫描",
      "安全加固",
      "逆向分析",
      "ccnp",
      "五险一金",
      "员工旅游",
      "专业培训",
      "年终奖金",
      "节日福利",
      "弹性工作"
    ],
    "region": "昆明·盘龙区",
    "companyloge": "https://img01.51jobcdn.com/fansImg/CompLogo/3/2888/2887224/2887224_120.gif?635700458550086076",
    "companyname": "广州市卓欣信息技术有限公司"
  },
  "143085117": {
    "name": "运维工程师/维护工程师/技术支持",
    "salary": "5-9千",
    "welfare": [
      "1年",
      "大专",
      "系统运维",
      "五险一金",
      "补充医疗保险",
      "员工旅游",
      "专业培训",
      "定期体检",
      "弹性工作",
      "年终奖金",
      "绩效奖金"
    ],
    "region": "昆明·官渡区",
    "companyloge": "https://img04.51jobcdn.com/im/mkt/app/51job_phone/app/homelogo/new/home_logo_default_software.png",
    "companyname": "浙江兰德纵横网络技术股份有限公司"
  },
  "143918163": {
    "name": "高级网络工程师",
    "salary": "6千-1.2万·13薪",
    "welfare": [
      "3-4年",
      "本科",
      "HCIE",
      "CCIE",
      "网络工程师",
      "路由交换",
      "网络安全",
      "无线网络",
      "五险一金",
      "员工旅游",
      "专业培训",
      "年终奖金",
      "弹性工作",
      "定期体检"
    ],
    "region": "昆明·盘龙区",
    "companyloge": "https://img01.51jobcdn.com/fansImg/CompLogo/7/6401/6400588/6400588_300.png?637511498933793681",
    "companyname": "昆明南天电脑系统有限公司"
  },
  "144156477": {
    "name": "信息与安全服务工程师",
    "salary": "5千-1万",
    "welfare": [
      "1年",
      "大专",
      "信息安全",
      "等级保护",
      "分级保护",
      "商用密码",
      "数据安全",
      "五险一金",
      "员工旅游",
      "交通补贴",
      "餐饮补贴",
      "通讯补贴",
      "专业培训",
      "年终奖金",
      "绩效奖金"
    ],
    "region": "昆明·五华区",
    "companyloge": "https://img01.51jobcdn.com/fansImg/CompLogo/6/5599/5598361/5598361_300.png?637419998940014813",
    "companyname": "云南联横利众科技有限公司"
  },
  "145650054": {
    "name": "网络工程师",
    "salary": "5千-1万·13薪",
    "welfare": [
      "3-4年",
      "大专",
      "网络管理",
      "ccna",
      "网络结构",
      "弱电智能化",
      "建设实施",
      "计算机",
      "通信网络",
      "it运维管理",
      "五险一金",
      "员工旅游",
      "交通补贴",
      "餐饮补贴",
      "通讯补贴",
      "专业培训",
      "年终奖金",
      "绩效奖金"
    ],
    "region": "昆明·五华区",
    "companyloge": "https://img01.51jobcdn.com/fansImg/CompLogo/6/5599/5598361/5598361_300.png?637419998940014813",
    "companyname": "云南联横利众科技有限公司"
  },
  "147469888": {
    "name": "安全服务工程师",
    "salary": "8千-1.5万",
    "welfare": [
      "2年",
      "大专",
      "安服",
      "渗透",
      "运维",
      "网络安全",
      "五险一金",
      "补充医疗保险",
      "定期体检",
      "年终奖金",
      "电脑补贴",
      "证书补贴",
      "节假日福利",
      "专业培训",
      "意外伤害险"
    ],
    "region": "昆明·官渡区",
    "companyloge": "https://img04.51jobcdn.com/im/mkt/app/51job_phone/app/homelogo/new/home_logo_default_software.png",
    "companyname": "云思华盛（北京）科技有限公司"
  },
  "147699691": {
    "name": "网络安全工程师",
    "salary": "5-9千",
    "welfare": [
      "3-4年",
      "大专",
      "周末双休",
      "五险",
      "节日福利"
    ],
    "region": "昆明·盘龙区",
    "companyloge": "https://img01.51jobcdn.com/fansImg/CompLogo/3/2888/2887224/2887224_120.gif?635700458550086076",
    "companyname": "广州市卓欣信息技术有限公司"
  },
  "147703168": {
    "name": "软件工程师",
    "salary": "6千-1.2万",
    "welfare": [
      "2年",
      "大专",
      "计算机",
      "linux",
      "plc",
      "单片机",
      "电子信息工程",
      "c++",
      "自动化",
      "五险一金",
      "定期体检",
      "带薪年假",
      "生日红包",
      "法定节假日",
      "周末双休",
      "免费班车"
    ],
    "region": "昆明",
    "companyloge": "https://img01.51jobcdn.com/fansImg/CompLogo/4/3903/3902615/39432591022556633107_300.png?1659578025561",
    "companyname": "云南中海路德清洁技术有限公司"
  },
  "147875009": {
    "name": "渗透测试工程师（高级）",
    "salary": "1.5-2.5万·13薪",
    "welfare": [
      "2年",
      "本科",
      "渗透测试",
      "五险一金",
      "补充医疗保险",
      "定期体检",
      "年终奖金",
      "电脑补贴",
      "证书补贴",
      "节假日福利",
      "专业培训",
      "意外伤害险"
    ],
    "region": "昆明·官渡区",
    "companyloge": "https://img04.51jobcdn.com/im/mkt/app/51job_phone/app/homelogo/new/home_logo_default_software.png",
    "companyname": "云思华盛（北京）科技有限公司"
  },
  "149006176": {
    "name": "C++开发工程师",
    "salary": "9千-1.3万",
    "welfare": [
      "5-7年",
      "本科",
      "c++",
      "ue4开发",
      "windows编程",
      "开发",
      "数据结构",
      "算法设计",
      "计算机",
      "mysql",
      "编程",
      "linux",
      "五险一金",
      "年终奖金",
      "定期体检",
      "专业培训",
      "通讯补贴",
      "餐饮补贴"
    ],
    "region": "昆明·盘龙区",
    "companyloge": "https://img01.51jobcdn.com/fansImg/CompLogo/6/5470/5469913/1649899339293_300.jpeg?1649899391581",
    "companyname": "云南云岭工程造价咨询有限公司"
  },
  "149074100": {
    "name": "高级渗透测试工程师",
    "salary": "8千-1.5万·13薪",
    "welfare": [
      "2年",
      "本科",
      "渗透测试",
      "网络安全攻防",
      "web渗透测试",
      "web安全渗透",
      "python",
      "网络安全",
      "java",
      "javascript",
      "漏洞",
      "asp",
      "五险一金",
      "专业培训",
      "员工旅游",
      "定期体检",
      "绩效奖金",
      "年终奖金"
    ],
    "region": "昆明·盘龙区",
    "companyloge": "https://img01.51jobcdn.com/fansImg/CompLogo/7/6401/6400588/6400588_300.png?637511498933793681",
    "companyname": "昆明南天电脑系统有限公司"
  },
  "149174292": {
    "name": "软件工程师（研发部）",
    "salary": "9-11万/年",
    "welfare": [
      "无需经验",
      "本科",
      "软件",
      "带薪年假",
      "五险一金",
      "包住宿",
      "免费班车",
      "节日福利",
      "交通补贴",
      "餐饮补贴",
      "通讯补贴"
    ],
    "region": "昆明·五华区",
    "companyloge": "https://img01.51jobcdn.com/fansImg/CompLogo/3/2545/2544048/172824588679879347490_300.png?1672026052825",
    "companyname": "昆明鼎承科技有限公司"
  },
  "149473288": {
    "name": "计算机软件开发",
    "salary": "6千-1.2万",
    "welfare": [
      "3-4年",
      "本科",
      "五险一金",
      "学历补贴",
      "寒暑假"
    ],
    "region": "昆明·呈贡区",
    "companyloge": "https://img04.51jobcdn.com/im/mkt/app/51job_phone/app/homelogo/new/home_logo_default_edu.png",
    "companyname": "云南实力慧铭实业集团有限公司"
  },
  "149724688": {
    "name": "技术支持/维护工程师",
    "salary": "4-8千",
    "welfare": [
      "无需经验",
      "大专",
      "技术支持",
      "技术维护",
      "运维",
      "售后技术",
      "IT技术",
      "技术",
      "弹性工作",
      "五险",
      "专业培训",
      "交通补贴",
      "双休",
      "话费补贴",
      "员工福利",
      "年终奖金"
    ],
    "region": "昆明·盘龙区",
    "companyloge": "https://img01.51jobcdn.com/fansImg/CompLogo/6/5986/5985725/5985725_300.jpg?637400964482735844",
    "companyname": "云南索沃信息技术有限公司"
  },
  "149891197": {
    "name": "高级网络工程师",
    "salary": "8千-1.5万",
    "welfare": [
      "3-4年",
      "本科",
      "网络规划",
      "深度分析",
      "网络架构",
      "IPV6改造",
      "五险一金",
      "专业培训",
      "节日福利",
      "弹性工作"
    ],
    "region": "昆明·盘龙区",
    "companyloge": "https://img01.51jobcdn.com/fansImg/CompLogo/3/2888/2887224/2887224_120.gif?635700458550086076",
    "companyname": "广州市卓欣信息技术有限公司"
  },
  "150861376": {
    "name": "系统运维工程师（驻场）",
    "salary": "8千-1.5万",
    "welfare": [
      "1年",
      "本科"
    ],
    "region": "昆明·西山区",
    "companyloge": "https://img04.51jobcdn.com/im/mkt/app/51job_phone/app/homelogo/new/home_logo_default_imnetwork.png",
    "companyname": "云南省通信产业服务有限公司"
  },
  "150861844": {
    "name": "网络安全服务工程师（驻场）",
    "salary": "8千-1万",
    "welfare": [
      "1年",
      "本科"
    ],
    "region": "昆明·西山区",
    "companyloge": "https://img04.51jobcdn.com/im/mkt/app/51job_phone/app/homelogo/new/home_logo_default_imnetwork.png",
    "companyname": "云南省通信产业服务有限公司"
  },
  "150960853": {
    "name": "Golang 后端工程师",
    "salary": "8千-1.5万",
    "welfare": [
      "3-4年",
      "本科",
      "angular",
      "c++",
      "react",
      "flutter",
      "绩效奖金",
      "餐饮补贴",
      "五险",
      "全勤奖",
      "带薪年假",
      "年终奖金"
    ],
    "region": "昆明·官渡区",
    "companyloge": "https://img01.51jobcdn.com/fansImg/CompLogo/8/7797/7796898/14094653911864333157_300.png?1686736112111",
    "companyname": "前海大盛网络科技（深圳）有限公司"
  },
  "151265629": {
    "name": "C++工程师",
    "salary": "1-1.8万",
    "welfare": [
      "5-7年",
      "本科",
      "c++",
      "五险一金",
      "年终奖金",
      "绩效奖金",
      "定期体检",
      "交通补贴",
      "通讯补贴",
      "包吃",
      "传统节日福利",
      "生日福利"
    ],
    "region": "昆明",
    "companyloge": "https://img01.51jobcdn.com/fansImg/CompLogo/4/3449/3448514/3448514_120.gif?635923688810925231",
    "companyname": "联诚科技集团股份有限公司"
  },
  "151340220": {
    "name": "网络工程师",
    "salary": "7千-1.1万",
    "welfare": [
      "2年",
      "本科",
      "计算机",
      "linux",
      "服务器",
      "网络安全",
      "故障处理",
      "交换机",
      "部署",
      "监控",
      "运维管理",
      "安全设备",
      "周末双休",
      "五险一金",
      "节日福利",
      "带薪年假",
      "国家法定假期"
    ],
    "region": "昆明·五华区",
    "companyloge": "https://img01.51jobcdn.com/fansImg/CompLogo/3/2962/2961073/43483862785997781098_300.png?1689674994992",
    "companyname": "云南天成科技股份有限公司"
  },
  "151344966": {
    "name": "华为网络工程师",
    "salary": "5-7.5千·14薪",
    "welfare": [
      "无需经验",
      "大专",
      "计算机",
      "通信",
      "方案设计",
      "网络",
      "实施方案",
      "华为",
      "网络技术",
      "故障排查",
      "网络优化",
      "华三",
      "五险一金",
      "年终奖金",
      "周末双休",
      "央企福利",
      "住宿福利",
      "带薪休假",
      "节庆福利",
      "高温补贴"
    ],
    "region": "昆明·五华区",
    "companyloge": "https://img04.51jobcdn.com/im/mkt/app/51job_phone/app/homelogo/new/home_logo_default_software.png",
    "companyname": "云南嘉拓信息技术有限公司"
  },
  "151345276": {
    "name": "网络安全工程师",
    "salary": "5.5-8.5千·13薪",
    "welfare": [
      "无需经验",
      "大专",
      "linux",
      "windows",
      "网络",
      "网络安全",
      "安全制度",
      "安全加固",
      "安全产品",
      "数通",
      "漏洞扫描",
      "系统",
      "五险一金",
      "年终奖金",
      "周末双休",
      "央企福利",
      "住宿福利",
      "带薪休假",
      "节庆福利",
      "高温补贴"
    ],
    "region": "昆明·五华区",
    "companyloge": "https://img04.51jobcdn.com/im/mkt/app/51job_phone/app/homelogo/new/home_logo_default_software.png",
    "companyname": "云南嘉拓信息技术有限公司"
  },
  "151523011": {
    "name": "软件工程师（驻场）",
    "salary": "12-15万/年",
    "welfare": [
      "2年",
      "本科",
      "计算机",
      "java",
      "mysql",
      "oracle",
      "数据库",
      "linux",
      "sql",
      "开发",
      "sqlserver",
      "maven"
    ],
    "region": "昆明·西山区",
    "companyloge": "https://img04.51jobcdn.com/im/mkt/app/51job_phone/app/homelogo/new/home_logo_default_imnetwork.png",
    "companyname": "云南省通信产业服务有限公司"
  },
  "151842713": {
    "name": "网络工程师助理",
    "salary": "5.5-7.5千",
    "welfare": [
      "无需经验",
      "大专",
      "linux",
      "项目管理",
      "网络",
      "计算机网络",
      "网络安全",
      "故障处理",
      "防火墙",
      "写作",
      "网络设备",
      "英语阅读",
      "年终奖金",
      "五险一金",
      "专业培训",
      "绩效奖金"
    ],
    "region": "昆明",
    "companyloge": "https://img04.51jobcdn.com/im/mkt/app/51job_phone/app/homelogo/new/home_logo_default_software.png",
    "companyname": "云南鎏臻科技有限公司"
  },
  "151928677": {
    "name": "软件开发工程师-驻老挝",
    "salary": "1.6-2.1万",
    "welfare": [
      "3-4年",
      "本科",
      "计算机",
      "java",
      "电子",
      "linux",
      "测试",
      "调试",
      "c++",
      "bim",
      "通信",
      "windows",
      "专业培训",
      "定期体检",
      "五险一金"
    ],
    "region": "昆明·盘龙区",
    "companyloge": "https://img01.51jobcdn.com/fansImg/CompLogo/6/5926/5925552/121791514482841128183_300.png?1666922915406",
    "companyname": "中农国际钾盐开发有限公司"
  },
  "151996578": {
    "name": "C++软件工程师",
    "salary": "1-1.4万",
    "welfare": [
      "5-7年",
      "大专",
      "计算机",
      "mysql",
      "开发",
      "c++",
      "编程",
      "windows",
      "数据结构",
      "自动化设备",
      "编程语言",
      "运营维护",
      "带薪年假",
      "绩效奖金",
      "节日福利",
      "交通补贴",
      "餐饮补贴",
      "通讯补贴",
      "年终奖金",
      "社会保险",
      "每年体检"
    ],
    "region": "昆明·西山区",
    "companyloge": "https://img04.51jobcdn.com/im/mkt/app/51job_phone/app/homelogo/new/home_logo_default_build.png",
    "companyname": "云南新航线科技有限公司"
  },
  "152041086": {
    "name": "C++编程讲师（呈贡）+CSP+NOIP+蓝桥杯",
    "salary": "8千-1.5万",
    "welfare": [
      "无需经验",
      "本科",
      "授课",
      "自动化",
      "c++",
      "学前教育",
      "编程",
      "物联网",
      "小学教育",
      "交通运输",
      "撰写课程进度",
      "教具损耗",
      "五险一金",
      "员工旅游",
      "交通补贴",
      "通讯补贴",
      "专业培训",
      "绩效奖金"
    ],
    "region": "昆明·呈贡区",
    "companyloge": "https://img04.51jobcdn.com/im/mkt/app/51job_phone/app/homelogo/new/home_logo_default_edu.png",
    "companyname": "昆明童程童美教育信息咨询有限公司"
  },
  "152097481": {
    "name": "网络运维",
    "salary": "4.5-7.5千",
    "welfare": [
      "无需经验",
      "大专"
    ],
    "region": "昆明·五华区",
    "companyloge": "https://img04.51jobcdn.com/im/mkt/app/51job_phone/app/homelogo/new/home_logo_default_software.png",
    "companyname": "云南嘉拓信息技术有限公司"
  },
  "152097977": {
    "name": "网络工程师助理",
    "salary": "3.5-5千",
    "welfare": [
      "无需经验",
      "大专"
    ],
    "region": "昆明·五华区",
    "companyloge": "https://img04.51jobcdn.com/im/mkt/app/51job_phone/app/homelogo/new/home_logo_default_software.png",
    "companyname": "云南嘉拓信息技术有限公司"
  },
  "152235939": {
    "name": "网络安全工程师",
    "salary": "7千-1万",
    "welfare": [
      "2年",
      "大专",
      "计算机",
      "项目管理",
      "通信",
      "软件工程",
      "it",
      "电气自动化",
      "信息管理",
      "电子信息工程",
      "pmp",
      "硬件",
      "五险一金",
      "免费班车",
      "餐饮补贴",
      "定期体检",
      "周末双休",
      "法定节假日",
      "通讯补贴"
    ],
    "region": "昆明·官渡区",
    "companyloge": "https://img04.51jobcdn.com/im/mkt/app/51job_phone/app/homelogo/home_logo_default.png",
    "companyname": "云南兆讯科技有限责任公司"
  },
  "152266713": {
    "name": "软件工程师",
    "salary": "2-3.9万",
    "welfare": [
      "1年",
      "本科",
      "java",
      "软件开发",
      "sap",
      "编程",
      "c#",
      "android",
      "日语",
      ".net",
      "php",
      "ai",
      "出国机会",
      "弹性工作",
      "五险一金",
      "交通补贴",
      "餐饮补贴",
      "通讯补贴",
      "补充医疗保险",
      "补充公积金",
      "年终奖金"
    ],
    "region": "武汉",
    "companyloge": "https://img04.51jobcdn.com/im/mkt/app/51job_phone/app/homelogo/new/home_logo_default_software.png",
    "companyname": "湖北一片语科技有限公司"
  },
  "152277863": {
    "name": "高级网络信息安全工程师",
    "salary": "6千-1.2万",
    "welfare": [
      "3-4年",
      "本科",
      "网络安全",
      "漏洞扫描",
      "安全巡检",
      "CISSP",
      "CISP",
      "安全漏洞",
      "漏洞修复",
      "信息网络安全",
      "五险一金",
      "年终奖金",
      "绩效奖金",
      "专业培训",
      "定期体检"
    ],
    "region": "昆明·盘龙区",
    "companyloge": "https://img01.51jobcdn.com/fansImg/CompLogo/7/6401/6400588/6400588_300.png?637511498933793681",
    "companyname": "昆明南天电脑系统有限公司"
  },
  "152357292": {
    "name": "Linux嵌入式工程师",
    "salary": "8千-1.5万·13薪",
    "welfare": [
      "2年",
      "本科",
      "linux",
      "开发",
      "c++",
      "软件开发",
      "解决方案",
      "web",
      "项目开发",
      "单元测试",
      "系统测试",
      "spi",
      "周末双休",
      "五险",
      "13薪"
    ],
    "region": "昆明·官渡区",
    "companyloge": "https://img04.51jobcdn.com/im/mkt/app/51job_phone/app/homelogo/new/home_logo_default_software.png",
    "companyname": "昆明挥瀚电子科技有限公司"
  }
}