{
  "106440819": {
    "name": "C/C++开发工程师",
    "salary": "1.5-2.5万",
    "welfare": [
      "3-4年",
      "大专",
      "c++",
      "linux",
      "多线程",
      "tcp",
      "cmake",
      "python",
      "音视频流媒体",
      "服务器端",
      "开发",
      "网络配置",
      "五险一金",
      "员工旅游",
      "专业培训",
      "通讯补贴",
      "绩效奖金",
      "年终奖金",
      "定期体检"
    ],
    "region": "上海·静安区",
    "companyloge": "https://img01.51jobcdn.com/fansImg/CompLogo/3/2813/2812482/2812482_120.gif?636122948420173181",
    "companyname": "上海阅维科技股份有限公司"
  },
  "107044110": {
    "name": "高级Linux C/C++开发工程师",
    "salary": "1.6-3万",
    "welfare": [
      "3-4年",
      "本科",
      "五险一金",
      "员工旅游",
      "专业培训",
      "绩效奖金",
      "年终奖金",
      "弹性工作",
      "定期体检",
      "通讯补贴"
    ],
    "region": "上海·静安区",
    "companyloge": "https://img01.51jobcdn.com/fansImg/CompLogo/3/2813/2812482/2812482_120.gif?636122948420173181",
    "companyname": "上海阅维科技股份有限公司"
  },
  "113034711": {
    "name": "Linux嵌入式开发工程师（C/C++）",
    "salary": "1.2-2万",
    "welfare": [
      "2年",
      "本科",
      "五险一金",
      "补充医疗保险",
      "员工旅游",
      "出国机会",
      "定期体检",
      "年终奖金",
      "餐饮补贴"
    ],
    "region": "上海",
    "companyloge": "https://img01.51jobcdn.com/fansImg/CompLogo/2/1089/1088698/1088698_300.png?636922426892518973",
    "companyname": "通维数码科技（上海）有限公司"
  },
  "120539420": {
    "name": "软件开发工程师（C++）-ER",
    "salary": "1.5-3万",
    "welfare": [
      "2年",
      "硕士",
      "c++",
      "数据库",
      "C#",
      ".NET",
      "用户界面",
      "UI",
      "五险一金",
      "年终奖金",
      "弹性工作",
      "人才引进",
      "做五休二",
      "补充商业保险",
      "股票期权",
      "团建旅游",
      "带薪年假",
      "带薪病假"
    ],
    "region": "上海·浦东新区",
    "companyloge": "https://img04.51jobcdn.com/im/mkt/app/51job_phone/app/homelogo/new/home_logo_default_elect.png",
    "companyname": "睿励科学仪器（上海）有限公司"
  },
  "122607348": {
    "name": "C++软件开发工程师",
    "salary": "2-3万·13薪",
    "welfare": [
      "3-4年",
      "本科",
      "C++",
      "linux",
      "windows",
      "GO语言",
      "五险一金",
      "专业培训",
      "定期体检",
      "员工旅游",
      "绩效奖金",
      "年终奖金"
    ],
    "region": "上海",
    "companyloge": "https://img04.51jobcdn.com/im/mkt/app/51job_phone/app/homelogo/new/home_logo_default_software.png",
    "companyname": "上海澎博财经资讯有限公司"
  },
  "127620911": {
    "name": "C++开发工程师",
    "salary": "1.5-2万",
    "welfare": [
      "3-4年",
      "大专",
      "五险一金",
      "定期体检",
      "员工旅游",
      "节假日福利",
      "周末双休",
      "核心项目",
      "通讯补贴",
      "餐饮补贴",
      "交通补贴"
    ],
    "region": "上海",
    "companyloge": "https://img04.51jobcdn.com/im/mkt/app/51job_phone/app/homelogo/new/home_logo_default_software.png",
    "companyname": "上海博为峰信息技术有限公司"
  },
  "130211912": {
    "name": "C++开发工程师",
    "salary": "1-1.5万",
    "welfare": [
      "2年",
      "本科",
      "C++",
      "五险一金",
      "员工旅游",
      "定期体检",
      "餐饮补贴",
      "交通补贴",
      "通讯补贴"
    ],
    "region": "上海",
    "companyloge": "https://img04.51jobcdn.com/im/mkt/app/51job_phone/app/homelogo/new/home_logo_default_software.png",
    "companyname": "上海博为峰信息技术有限公司"
  },
  "132495774": {
    "name": "Linux系统开发工程师（C/C++）",
    "salary": "1.5-3万",
    "welfare": [
      "2年",
      "本科",
      "五险一金",
      "补充医疗保险",
      "员工旅游",
      "餐饮补贴",
      "出国机会",
      "年终奖金",
      "定期体检",
      "弹性工作"
    ],
    "region": "上海",
    "companyloge": "https://img01.51jobcdn.com/fansImg/CompLogo/2/1089/1088698/1088698_300.png?636922426892518973",
    "companyname": "通维数码科技（上海）有限公司"
  },
  "133352034": {
    "name": "C++工程师",
    "salary": "2-3万",
    "welfare": [
      "3-4年",
      "本科",
      "软件开发",
      "软件",
      "c++",
      "linux",
      "五险一金",
      "餐饮补贴",
      "专业培训",
      "年终奖金",
      "全勤奖",
      "节日福利"
    ],
    "region": "上海·长宁区",
    "companyloge": "https://img01.51jobcdn.com/fansImg/CompLogo/7/6009/6008486/6008486_300.jpg?637704207986844745",
    "companyname": "新疆钵施然智能农机股份有限公司"
  },
  "133671556": {
    "name": "C/C++ 开发工程师",
    "salary": "1.5-2.5万",
    "welfare": [
      "3-4年",
      "本科",
      "C++",
      "五险一金",
      "餐饮补贴",
      "通讯补贴",
      "专业培训",
      "绩效奖金",
      "年终奖金",
      "定期体检"
    ],
    "region": "上海",
    "companyloge": "https://img04.51jobcdn.com/im/mkt/app/51job_phone/app/homelogo/new/home_logo_default_mech.png",
    "companyname": "上海嘉成轨道交通安全保障系统股份公司"
  },
  "134570760": {
    "name": "C/C++软件开发工程师",
    "salary": "25-35万/年",
    "welfare": [
      "2年",
      "本科",
      "五险一金",
      "员工旅游",
      "餐饮补贴",
      "通讯补贴",
      "绩效奖金",
      "定期体检"
    ],
    "region": "上海·徐汇区",
    "companyloge": "https://img04.51jobcdn.com/im/mkt/app/51job_phone/app/homelogo/new/home_logo_default_auto.png",
    "companyname": "上海仁童电子科技有限公司"
  },
  "135286770": {
    "name": "C++开发工程师",
    "salary": "2.5-3.5万",
    "welfare": [
      "2年",
      "本科",
      "路由器",
      "交换机",
      "嵌入式",
      "软件工程师",
      "Linux",
      "C/C++",
      "软件开发",
      "网络协议",
      "五险一金",
      "年终奖金",
      "工作餐",
      "带薪年假",
      "专业培训"
    ],
    "region": "上海·浦东新区",
    "companyloge": "https://img01.51jobcdn.com/fansImg/CompLogo/1/122/121118/121118_120.gif?635700457666646750",
    "companyname": "上海博达数据通信有限公司"
  },
  "137190080": {
    "name": "C++开发工程师",
    "salary": "1.3-2万·13薪",
    "welfare": [
      "3-4年",
      "本科",
      "C++",
      "linux",
      "socket编程",
      "高并发",
      "IO"
    ],
    "region": "上海·浦东新区",
    "companyloge": "https://img01.51jobcdn.com/fansImg/CompLogo/6/5069/5068272/5068272_300.jpg?636637875376867145",
    "companyname": "创趋科技（上海）股份有限公司"
  },
  "137596178": {
    "name": "C++开发工程师",
    "salary": "3-5万·15薪",
    "welfare": [
      "3-4年",
      "本科",
      "C++",
      "c++",
      "软件工程师",
      "软件开发",
      "五险一金",
      "员工旅游",
      "餐饮补贴",
      "年终奖金",
      "定期体检"
    ],
    "region": "上海",
    "companyloge": "https://img01.51jobcdn.com/fansImg/CompLogo/4/3706/3705413/3705413_300.png?637696467748500737",
    "companyname": "上海念空数据科技中心（有限合伙）"
  },
  "138532027": {
    "name": "高级软件工程师/架构师(C++)",
    "salary": "2.5-5万",
    "welfare": [
      "3-4年",
      "本科",
      "C++",
      "五险一金",
      "补充公积金",
      "交通补贴",
      "年终奖金",
      "14薪",
      "落户办理"
    ],
    "region": "上海·浦东新区",
    "companyloge": "https://img01.51jobcdn.com/fansImg/CompLogo/6/5409/5408508/5408508_300.jpg?637382833722187187",
    "companyname": "上海驭矩信息科技有限公司"
  },
  "139170835": {
    "name": "资深软件工程师（C++）-ER",
    "salary": "2-3万",
    "welfare": [
      "2年",
      "硕士",
      "C++",
      "多线程",
      "用户界面",
      "c#",
      "数据库",
      "五险一金",
      "弹性工作",
      "年终奖金",
      "做五休二",
      "带薪年假",
      "人才引进",
      "补充医疗保险",
      "定期体检",
      "股票期权",
      "带薪病假"
    ],
    "region": "上海·浦东新区",
    "companyloge": "https://img04.51jobcdn.com/im/mkt/app/51job_phone/app/homelogo/new/home_logo_default_elect.png",
    "companyname": "睿励科学仪器（上海）有限公司"
  },
  "139384757": {
    "name": "C++高级开发工程师",
    "salary": "1.5-2万",
    "welfare": [
      "3-4年",
      "大专",
      "五险一金",
      "交通补贴",
      "员工旅游",
      "餐饮补贴",
      "通讯补贴",
      "专业培训",
      "绩效奖金",
      "年终奖金",
      "弹性工作"
    ],
    "region": "上海·浦东新区",
    "companyloge": "https://img01.51jobcdn.com/fansImg/CompLogo/7/6879/6878633/6878633_300.png?637785646066732592",
    "companyname": "腾柏新迅（上海）智能科技有限公司"
  },
  "140866300": {
    "name": "C++软件工程师",
    "salary": "1.5-2.5万",
    "welfare": [
      "3-4年",
      "本科",
      "c++",
      "c语言",
      "嵌入式",
      "五险一金",
      "带薪年假",
      "绩效奖金",
      "免费班车",
      "餐饮补贴",
      "定期体检",
      "补充医疗保险"
    ],
    "region": "上海·宝山区",
    "companyloge": "https://img01.51jobcdn.com/fansImg/CompLogo/8/7241/7240968/1004479621294481655_300.jpeg?1655734176847",
    "companyname": "法中轨道交通运输设备（上海）有限公司"
  },
  "142197231": {
    "name": "C/C++开发工程师",
    "salary": "1.2-2.2万",
    "welfare": [
      "2年",
      "本科",
      "c++",
      "linux",
      "数据库",
      "多线程",
      "socket",
      "五险一金",
      "年终奖金",
      "节假日福利"
    ],
    "region": "上海·浦东新区",
    "companyloge": "https://img01.51jobcdn.com/fansImg/CompLogo/6/5069/5068272/5068272_300.jpg?636637875376867145",
    "companyname": "创趋科技（上海）股份有限公司"
  },
  "144709925": {
    "name": "C/C++开发工程师",
    "salary": "2-3万",
    "welfare": [
      "5-7年",
      "本科",
      "c++",
      "数据库",
      "交通行业",
      "系统架构搭建",
      "串口通信",
      "数据结构",
      "软件模块",
      "socket通信",
      "五险一金",
      "员工旅游",
      "定期体检"
    ],
    "region": "上海·浦东新区",
    "companyloge": "https://img01.51jobcdn.com/fansImg/CompLogo/4/3391/3390215/13925225477058905698_300.png?1686719129400",
    "companyname": "擎翌（上海）智能科技有限公司"
  },
  "144867733": {
    "name": "c++开发工程师",
    "salary": "1.5-3万·13薪",
    "welfare": [
      "3-4年",
      "本科",
      "c++",
      "软件开发",
      "windows",
      "计算机视觉",
      "计算机软件",
      "周末双休",
      "带薪年假",
      "五险一金",
      "全勤奖",
      "定期体检",
      "员工旅游",
      "年终奖金"
    ],
    "region": "上海·静安区",
    "companyloge": "https://img01.51jobcdn.com/fansImg/CompLogo/5/4435/4434153/4434153_300.jpg?637381996998872383",
    "companyname": "上海青瞳视觉科技有限公司"
  },
  "144891617": {
    "name": "C++软件开发工程师",
    "salary": "1.5-3万",
    "welfare": [
      "3-4年",
      "本科",
      "软件",
      "软件开发",
      "计算机",
      "工程师",
      "C++",
      "C",
      "QT",
      "五险一金",
      "专业培训",
      "餐饮补贴",
      "交通补贴",
      "绩效奖金",
      "年终奖金",
      "带薪年假",
      "岗位晋升",
      "外派津贴",
      "股票期权"
    ],
    "region": "宁波·鄞州区",
    "companyloge": "https://img01.51jobcdn.com/fansImg/CompLogo/6/5372/5371763/85513252092593564678_300.png?1663294928493",
    "companyname": "宁波联方电子科技有限公司"
  },
  "144906537": {
    "name": "高级C++工程师",
    "salary": "3-4万",
    "welfare": [
      "3-4年",
      "本科",
      "c++",
      "应用软件开发",
      "编码实现",
      "功能模块",
      "windows",
      "linux",
      "qt",
      "节日福利",
      "餐饮补贴",
      "出差补贴",
      "专业培训",
      "交通补贴",
      "五险"
    ],
    "region": "上海·闵行区",
    "companyloge": "https://img01.51jobcdn.com/fansImg/CompLogo/4/3210/3209691/3209691_300.jpg?637832010026049904",
    "companyname": "江苏领焰智能科技股份有限公司"
  },
  "144974096": {
    "name": "C/C++开发工程师",
    "salary": "1.8-2万",
    "welfare": [
      "5-7年",
      "本科",
      "linux",
      "oracle",
      "mysql",
      "c语言开发",
      "支付系统",
      "银行",
      "五险一金",
      "年假",
      "交通补贴",
      "餐饮补贴"
    ],
    "region": "上海·浦东新区",
    "companyloge": "https://img04.51jobcdn.com/im/mkt/app/51job_phone/app/homelogo/new/home_logo_default_software.png",
    "companyname": "上海畅博越众科技有限公司"
  },
  "145796302": {
    "name": "C++中高级开发工程师",
    "salary": "2.5-3.5万·14薪",
    "welfare": [
      "8-9年",
      "本科",
      "c++",
      "数据库",
      "五险一金",
      "员工旅游",
      "年终奖金",
      "定期体检",
      "股票期权",
      "婚育津贴",
      "培训补贴"
    ],
    "region": "北京·朝阳区",
    "companyloge": "https://img01.51jobcdn.com/fansImg/CompLogo/5/4737/4736798/4736798_300.jpg?637485495891421718",
    "companyname": "上海英方软件股份有限公司"
  },
  "146309363": {
    "name": "C++开发工程师",
    "salary": "2-3.9万·13薪",
    "welfare": [
      "3-4年",
      "本科",
      "c++",
      "多线程",
      "计算机科学",
      "计算机视觉",
      "sdk",
      "java",
      "软件工程",
      "数据库系统",
      "计算机软件",
      "五险一金",
      "年终奖金",
      "员工旅游",
      "定期体检"
    ],
    "region": "上海·静安区",
    "companyloge": "https://img01.51jobcdn.com/fansImg/CompLogo/5/4435/4434153/4434153_300.jpg?637381996998872383",
    "companyname": "上海青瞳视觉科技有限公司"
  },
  "146567320": {
    "name": "C++研发工程师",
    "salary": "1-1.5万",
    "welfare": [
      "2年",
      "本科",
      "五险一金",
      "员工旅游",
      "专业培训",
      "绩效奖金",
      "年终奖金",
      "定期体检"
    ],
    "region": "上海",
    "companyloge": "https://img01.51jobcdn.com/fansImg/CompLogo/3/2013/2012670/2012670_300.jpg?636894767543161756",
    "companyname": "上海寰创通信科技股份有限公司"
  },
  "147078793": {
    "name": "C++设备软件开发工程师",
    "salary": "1.5-2.5万",
    "welfare": [
      "2年",
      "本科",
      "五险一金",
      "员工旅游",
      "交通补贴",
      "餐饮补贴",
      "绩效奖金",
      "年终奖金",
      "带薪年假",
      "技能培训",
      "岗位晋升",
      "良好团队氛围"
    ],
    "region": "上海",
    "companyloge": "https://img01.51jobcdn.com/fansImg/CompLogo/5/4725/4724205/4724205_300.png?636573136898615428",
    "companyname": "上海汉邦联航激光科技有限公司"
  },
  "147175766": {
    "name": "C++开发工程师",
    "salary": "1.8-2.2万",
    "welfare": [
      "5-7年",
      "关系型数据库",
      "gdb",
      "数据结构算法",
      "五险一金",
      "补充医疗保险",
      "试用期全薪"
    ],
    "region": "上海·浦东新区",
    "companyloge": "https://img01.51jobcdn.com/fansImg/CompLogo/7/6455/6454299/6454299_300.png?637528262463947469",
    "companyname": "加绩（上海）科技服务有限公司"
  },
  "147180759": {
    "name": "C++开发工程师",
    "salary": "1.5-2.5万",
    "welfare": [
      "3-4年",
      "本科",
      "linux",
      "vc++",
      "计算机",
      "安全管理",
      "五险一金",
      "员工旅游",
      "专业培训",
      "年终奖金",
      "定期体检",
      "节日福利",
      "绩效奖金"
    ],
    "region": "上海",
    "companyloge": "https://img01.51jobcdn.com/fansImg/CompLogo/1/300/299245/299245_120.gif?635732575693219901",
    "companyname": "上海互普网络科技有限公司"
  },
  "147364532": {
    "name": "c++软件工程师",
    "salary": "1.2-1.5万",
    "welfare": [
      "3-4年",
      "本科",
      "五险一金",
      "员工旅游",
      "餐饮补贴",
      "定期体检"
    ],
    "region": "上海",
    "companyloge": "https://img01.51jobcdn.com/fansImg/CompLogo/1/294/293814/293814_120.gif?635919969609824156",
    "companyname": "上海南康科技有限公司"
  },
  "147824233": {
    "name": "c/c++开发工程师",
    "salary": "2-2.5万·15薪",
    "welfare": [
      "2年",
      "本科",
      "c++",
      "计算机",
      "开发",
      "五险一金",
      "员工旅游",
      "绩效奖金",
      "年终奖金",
      "弹性工作",
      "零食无限供应",
      "生日会",
      "补充医疗保险",
      "定期体检"
    ],
    "region": "上海·闵行区",
    "companyloge": "https://img01.51jobcdn.com/fansImg/CompLogo/7/6047/6046789/6046789_300.png?637464022178097219",
    "companyname": "上海瓶钵信息科技有限公司"
  },
  "148896070": {
    "name": "C++开发工程师",
    "salary": "1.5-2.5万",
    "welfare": [
      "3-4年",
      "本科",
      "计算机",
      "c++",
      "软件开发",
      "五险一金",
      "绩效奖金",
      "员工旅游",
      "交通补贴",
      "餐饮补贴",
      "年终奖金",
      "定期体检"
    ],
    "region": "上海·普陀区",
    "companyloge": "https://img01.51jobcdn.com/fansImg/CompLogo/3/2383/2382992/2382992_120.gif?635700460238963728",
    "companyname": "上海凯延计算机科技发展有限公司"
  },
  "149050638": {
    "name": "C/C++开发工程师",
    "salary": "2-2.5万",
    "welfare": [
      "3-4年",
      "本科",
      "c++",
      "c#",
      "软件开发",
      "windows",
      "linux",
      "英文读写",
      "C",
      "五险一金",
      "定期体检",
      "专业培训",
      "周末双休"
    ],
    "region": "上海·浦东新区",
    "companyloge": "https://img01.51jobcdn.com/fansImg/CompLogo/1/5/4252/4252_120.gif?635700459608871650",
    "companyname": "博彦科技股份有限公司"
  },
  "149118728": {
    "name": "c++软件工程师(上海）",
    "salary": "18-35万/年",
    "welfare": [
      "2年",
      "本科",
      "c++",
      "qt",
      "设计",
      "系统",
      "软件",
      "半导体",
      "五险一金",
      "周末双休",
      "补充医疗保险",
      "定期体检",
      "年终奖金",
      "专业培训",
      "下午茶"
    ],
    "region": "上海·浦东新区",
    "companyloge": "https://img04.51jobcdn.com/im/mkt/app/51job_phone/app/homelogo/new/home_logo_default_elect.png",
    "companyname": "常州铭赛机器人科技股份有限公司"
  },
  "149889771": {
    "name": "C++开发工程师",
    "salary": "1.3-2.3万",
    "welfare": [
      "3-4年",
      "本科",
      "负载均衡",
      "linux",
      "redis",
      "c++",
      "五险一金",
      "专业培训",
      "定期体检",
      "补充公积金",
      "餐饮补贴",
      "年终奖金",
      "定期团建"
    ],
    "region": "上海",
    "companyloge": "https://img04.51jobcdn.com/im/mkt/app/51job_phone/app/homelogo/new/home_logo_default_software.png",
    "companyname": "上海辰锐信息科技有限公司"
  },
  "150142065": {
    "name": "C++开发工程师(上海）",
    "salary": "2-4万·14薪",
    "welfare": [
      "3-4年",
      "本科",
      "Oracle",
      "Redis",
      "stl",
      "boost",
      "五险一金",
      "餐饮补贴",
      "弹性工作",
      "定期体检"
    ],
    "region": "上海·浦东新区",
    "companyloge": "https://img01.51jobcdn.com/fansImg/CompLogo/4/3968/3967456/18459205358715003962_300.png?1674092930797",
    "companyname": "万得信息技术股份有限公司"
  },
  "150270907": {
    "name": "C/C++高级软件开发工程师",
    "salary": "2-3万",
    "welfare": [
      "3-4年",
      "本科",
      "软件开发",
      "软件工程师",
      "Java",
      "c++",
      "C",
      "编程",
      "五险一金",
      "定期体检"
    ],
    "region": "上海·浦东新区",
    "companyloge": "https://img04.51jobcdn.com/im/mkt/app/51job_phone/app/homelogo/new/home_logo_default_software.png",
    "companyname": "丰盛信息科技（上海）有限公司"
  },
  "151388268": {
    "name": "c/c++开发工程师",
    "salary": "2.4-2.7万",
    "welfare": [
      "5-7年",
      "本科",
      "计算机",
      "linux",
      "c++",
      "编程",
      "shell",
      "tcp",
      "系统开发",
      "socket",
      "证券交易",
      "ip",
      "六险一金"
    ],
    "region": "上海·黄浦区",
    "companyloge": "https://img01.51jobcdn.com/fansImg/CompLogo/7/6455/6454299/6454299_300.png?637528262463947469",
    "companyname": "加绩（上海）科技服务有限公司"
  },
  "151461233": {
    "name": "Linux C/C++中级软件工程师（松江）",
    "salary": "1.8-2.4万",
    "welfare": [
      "3-4年",
      "本科",
      "c++",
      "软件开发",
      "linux",
      "信息安全",
      "TCP/IP",
      "线程",
      "ipc",
      "五险一金",
      "专业培训",
      "定期体检"
    ],
    "region": "上海·松江区",
    "companyloge": "https://img04.51jobcdn.com/im/mkt/app/51job_phone/app/homelogo/new/home_logo_default_software.png",
    "companyname": "格尔软件股份有限公司"
  },
  "151461685": {
    "name": "Linux C/C++高级软件工程师（松江）",
    "salary": "2.4-3万",
    "welfare": [
      "5-7年",
      "本科",
      "linux",
      "c++",
      "php",
      "java",
      "Python",
      "五险一金",
      "专业培训",
      "定期体检",
      "员工旅游"
    ],
    "region": "上海·松江区",
    "companyloge": "https://img04.51jobcdn.com/im/mkt/app/51job_phone/app/homelogo/new/home_logo_default_software.png",
    "companyname": "格尔软件股份有限公司"
  },
  "151469205": {
    "name": "Windows C++中级软件工程师（松江）",
    "salary": "1.8-2.4万",
    "welfare": [
      "3-4年",
      "本科",
      "linux",
      "c++",
      "编程",
      "tcp",
      "二次开发",
      "防火墙",
      "ipc",
      "线程",
      "ngnix",
      "多进程",
      "五险一金",
      "专业培训",
      "定期体检",
      "员工旅游"
    ],
    "region": "上海·松江区",
    "companyloge": "https://img04.51jobcdn.com/im/mkt/app/51job_phone/app/homelogo/new/home_logo_default_software.png",
    "companyname": "格尔软件股份有限公司"
  },
  "151469297": {
    "name": "Windows C++高级软件工程师（松江）",
    "salary": "2.4-3万",
    "welfare": [
      "5-7年",
      "本科",
      "c++",
      "产品开发",
      "计算机网络",
      "多线程",
      "跨平台开发",
      "信息安全",
      "五险一金",
      "专业培训",
      "定期体检",
      "员工旅游"
    ],
    "region": "上海·松江区",
    "companyloge": "https://img04.51jobcdn.com/im/mkt/app/51job_phone/app/homelogo/new/home_logo_default_software.png",
    "companyname": "格尔软件股份有限公司"
  },
  "151583149": {
    "name": "linux软件工程师",
    "salary": "1.5-2.5万",
    "welfare": [
      "2年",
      "本科",
      "计算机",
      "电子",
      "linux",
      "c++",
      "多线程",
      "spi",
      "http",
      "tcp",
      "产品测试",
      "i2c",
      "五险一金",
      "生日福利",
      "带薪年假",
      "交通补贴",
      "通讯补贴",
      "餐饮补贴"
    ],
    "region": "上海·普陀区",
    "companyloge": "https://img01.51jobcdn.com/fansImg/CompLogo/3/2176/2175411/2175411_120.gif?636337466394459703",
    "companyname": "上海古鳌电子科技股份有限公司"
  },
  "151749209": {
    "name": "C++/QT软件部主管",
    "salary": "1.8-3.5万",
    "welfare": [
      "5-7年",
      "本科",
      "计算机",
      "linux",
      "c++",
      "软件开发",
      "仪器设备"
    ],
    "region": "上海·浦东新区",
    "companyloge": "https://img01.51jobcdn.com/fansImg/CompLogo/3/2498/2497415/44860350647160950717_300.png?1699603950935",
    "companyname": "上海金标生物科技有限公司"
  },
  "151765281": {
    "name": "高级QT软件工程师",
    "salary": "2-4万",
    "welfare": [
      "5-7年",
      "本科",
      "c++",
      "windows",
      "架构设计",
      "emc",
      "测试系统",
      "WiFi测试",
      "远场",
      "平面近场",
      "节日福利",
      "旅游福利",
      "五险一金",
      "带薪年假",
      "定期体检",
      "绩效奖金",
      "年终奖金"
    ],
    "region": "上海·青浦区",
    "companyloge": "https://img01.51jobcdn.com/fansImg/CompLogo/6/5062/5061616/5061616_300.png?636634556544453210",
    "companyname": "杭州永谐科技有限公司"
  },
  "151794555": {
    "name": "C++开发工程师",
    "salary": "1.3-2万",
    "welfare": [
      "2年",
      "本科",
      "计算机",
      "测试",
      "c++",
      "git",
      "jenkins",
      "jira",
      "gdb调试",
      "开发文档整理",
      "五险一金",
      "交通补贴",
      "餐饮补贴",
      "通讯补贴",
      "年终奖金"
    ],
    "region": "上海·浦东新区",
    "companyloge": "https://img04.51jobcdn.com/im/mkt/app/51job_phone/app/homelogo/new/home_logo_default_software.png",
    "companyname": "上海博为峰信息技术有限公司"
  },
  "152053435": {
    "name": "C++客户端开发工程师",
    "salary": "2.5-5万",
    "welfare": [
      "3-4年",
      "本科",
      "计算机",
      "c++",
      "ps",
      "windows",
      "软件工程",
      "数据结构",
      "android",
      "操作系统",
      "ios",
      "算法",
      "五险一金",
      "五险一金"
    ],
    "region": "上海·徐汇区",
    "companyloge": "https://img04.51jobcdn.com/im/mkt/app/51job_phone/app/homelogo/home_logo_default.png",
    "companyname": "上海成功劳务派遣有限公司"
  },
  "152370054": {
    "name": "rdma软件开发工程师",
    "salary": "2.5-5万·15薪",
    "welfare": [
      "3-4年",
      "本科",
      "dpdk",
      "rdma",
      "ARM",
      "Linux",
      "DPU",
      "年终奖金",
      "定期体检",
      "弹性工作",
      "五险一金",
      "补充医疗保险",
      "员工旅游"
    ],
    "region": "上海·徐汇区",
    "companyloge": "https://img01.51jobcdn.com/fansImg/CompLogo/7/6274/6273802/6273802_300.png?637606496964256742",
    "companyname": "益思芯科技（上海）有限公司"
  },
  "152378124": {
    "name": "软件开发工程师（C/C++）",
    "salary": "1-1.5万·13薪",
    "welfare": [
      "2年",
      "本科",
      "计算机",
      "linux",
      "svn",
      "c++",
      "git",
      "设计模式",
      "算法",
      "风控",
      "交易",
      "期货交易",
      "五险一金",
      "员工旅游",
      "交通补贴",
      "餐饮补贴",
      "专业培训",
      "绩效奖金"
    ],
    "region": "上海·浦东新区",
    "companyloge": "https://img01.51jobcdn.com/fansImg/CompLogo/3/2502/2501599/2501599_300.jpg?637807079231015036",
    "companyname": "上海凯道电子科技有限公司"
  }
}